﻿<?xml version="1.0" encoding="utf-8"?>
<kAIXmlBehaviour xmlns:i="http://www.w3.org/2001/XMLSchema-instance" xmlns="http://schemas.datacontract.org/2004/07/kAI.Core">
  <BehaviourID>FaceTarget</BehaviourID>
  <InternalConnexions>
    <kAIXmlBehaviour.InternalXml.SerialConnexion>
      <EndNodeID>
        <NodeID>PathToTarget</NodeID>
      </EndNodeID>
      <EndPortID>
        <PortID>entry1</PortID>
      </EndPortID>
      <StartNodeID>
        <NodeID>GetTargetPosition</NodeID>
      </StartNodeID>
      <StartPortID>
        <PortID>DataReturn</PortID>
      </StartPortID>
    </kAIXmlBehaviour.InternalXml.SerialConnexion>
    <kAIXmlBehaviour.InternalXml.SerialConnexion>
      <EndNodeID>
        <NodeID>PathToTarget</NodeID>
      </EndNodeID>
      <EndPortID>
        <PortID>entry2</PortID>
      </EndPortID>
      <StartNodeID>
        <NodeID>GetOwnPosition</NodeID>
      </StartNodeID>
      <StartPortID>
        <PortID>DataReturn</PortID>
      </StartPortID>
    </kAIXmlBehaviour.InternalXml.SerialConnexion>
    <kAIXmlBehaviour.InternalXml.SerialConnexion>
      <EndNodeID>
        <NodeID>InvalidNode</NodeID>
      </EndNodeID>
      <EndPortID>
        <PortID>FaceDirection</PortID>
      </EndPortID>
      <StartNodeID>
        <NodeID>PathToTarget</NodeID>
      </StartNodeID>
      <StartPortID>
        <PortID>DataReturn</PortID>
      </StartPortID>
    </kAIXmlBehaviour.InternalXml.SerialConnexion>
    <kAIXmlBehaviour.InternalXml.SerialConnexion>
      <EndNodeID>
        <NodeID>GetTargetPosition</NodeID>
      </EndNodeID>
      <EndPortID>
        <PortID>target</PortID>
      </EndPortID>
      <StartNodeID>
        <NodeID>InvalidNode</NodeID>
      </StartNodeID>
      <StartPortID>
        <PortID>Target</PortID>
      </StartPortID>
    </kAIXmlBehaviour.InternalXml.SerialConnexion>
  </InternalConnexions>
  <InternalNodes>
    <kAIXmlBehaviour.InternalXml.SerialNode>
      <NodeContents i:type="kAIFunctionNode.SerialObject">
        <AssemblyName>Assembly-CSharp</AssemblyName>
        <FunctionConfiguraion>
          <GenericConfiguration />
          <IsFirstParameterSelf>false</IsFirstParameterSelf>
          <IsFunctionExecutable>false</IsFunctionExecutable>
          <ReturnConfiguration>
            <PropertyEnabled xmlns:d7p1="http://schemas.microsoft.com/2003/10/Serialization/Arrays">
              <d7p1:boolean>true</d7p1:boolean>
              <d7p1:boolean>true</d7p1:boolean>
            </PropertyEnabled>
          </ReturnConfiguration>
        </FunctionConfiguraion>
        <MethodName>GetObjectPosition</MethodName>
        <TypeName>WeaponFunctions</TypeName>
      </NodeContents>
      <NodeID>
        <NodeID>GetTargetPosition</NodeID>
      </NodeID>
      <NodeSerialAssembly>kAICore</NodeSerialAssembly>
      <NodeSerialType>kAI.Core.kAIFunctionNode+SerialObject</NodeSerialType>
      <NodeType>kAI.Core.kAIFunctionNode</NodeType>
      <NodeTypeAssembly>kAICore</NodeTypeAssembly>
    </kAIXmlBehaviour.InternalXml.SerialNode>
    <kAIXmlBehaviour.InternalXml.SerialNode>
      <NodeContents i:type="kAIFunctionNode.SerialObject">
        <AssemblyName>Assembly-CSharp</AssemblyName>
        <FunctionConfiguraion>
          <GenericConfiguration />
          <IsFirstParameterSelf>true</IsFirstParameterSelf>
          <IsFunctionExecutable>false</IsFunctionExecutable>
          <ReturnConfiguration>
            <PropertyEnabled xmlns:d7p1="http://schemas.microsoft.com/2003/10/Serialization/Arrays">
              <d7p1:boolean>true</d7p1:boolean>
              <d7p1:boolean>false</d7p1:boolean>
            </PropertyEnabled>
          </ReturnConfiguration>
        </FunctionConfiguraion>
        <MethodName>GetObjectPosition</MethodName>
        <TypeName>WeaponFunctions</TypeName>
      </NodeContents>
      <NodeID>
        <NodeID>GetOwnPosition</NodeID>
      </NodeID>
      <NodeSerialAssembly>kAICore</NodeSerialAssembly>
      <NodeSerialType>kAI.Core.kAIFunctionNode+SerialObject</NodeSerialType>
      <NodeType>kAI.Core.kAIFunctionNode</NodeType>
      <NodeTypeAssembly>kAICore</NodeTypeAssembly>
    </kAIXmlBehaviour.InternalXml.SerialNode>
    <kAIXmlBehaviour.InternalXml.SerialNode>
      <NodeContents i:type="kAIFunctionNode.SerialObject">
        <AssemblyName>kAICore</AssemblyName>
        <FunctionConfiguraion>
          <GenericConfiguration>
            <SerialType>
              <AssemblyName>UnityEngine</AssemblyName>
              <TypeName>UnityEngine.Vector3</TypeName>
            </SerialType>
          </GenericConfiguration>
          <IsFirstParameterSelf>false</IsFirstParameterSelf>
          <IsFunctionExecutable>false</IsFunctionExecutable>
          <ReturnConfiguration>
            <PropertyEnabled xmlns:d7p1="http://schemas.microsoft.com/2003/10/Serialization/Arrays">
              <d7p1:boolean>true</d7p1:boolean>
              <d7p1:boolean>false</d7p1:boolean>
            </PropertyEnabled>
          </ReturnConfiguration>
        </FunctionConfiguraion>
        <MethodName>Subtract</MethodName>
        <TypeName>kAI.Core.kAIFunctionNodes</TypeName>
      </NodeContents>
      <NodeID>
        <NodeID>PathToTarget</NodeID>
      </NodeID>
      <NodeSerialAssembly>kAICore</NodeSerialAssembly>
      <NodeSerialType>kAI.Core.kAIFunctionNode+SerialObject</NodeSerialType>
      <NodeType>kAI.Core.kAIFunctionNode</NodeType>
      <NodeTypeAssembly>kAICore</NodeTypeAssembly>
    </kAIXmlBehaviour.InternalXml.SerialNode>
    <kAIXmlBehaviour.InternalXml.SerialNode>
      <NodeContents i:type="kAIFunctionNode.SerialObject">
        <AssemblyName>Assembly-CSharp</AssemblyName>
        <FunctionConfiguraion>
          <GenericConfiguration />
          <IsFirstParameterSelf>true</IsFirstParameterSelf>
          <IsFunctionExecutable>false</IsFunctionExecutable>
          <ReturnConfiguration>
            <PropertyEnabled xmlns:d7p1="http://schemas.microsoft.com/2003/10/Serialization/Arrays">
              <d7p1:boolean>true</d7p1:boolean>
              <d7p1:boolean>true</d7p1:boolean>
            </PropertyEnabled>
          </ReturnConfiguration>
        </FunctionConfiguraion>
        <MethodName>GetObjectPosition</MethodName>
        <TypeName>WeaponFunctions</TypeName>
      </NodeContents>
      <NodeID>
        <NodeID>GetObjectPosition</NodeID>
      </NodeID>
      <NodeSerialAssembly>kAICore</NodeSerialAssembly>
      <NodeSerialType>kAI.Core.kAIFunctionNode+SerialObject</NodeSerialType>
      <NodeType>kAI.Core.kAIFunctionNode</NodeType>
      <NodeTypeAssembly>kAICore</NodeTypeAssembly>
    </kAIXmlBehaviour.InternalXml.SerialNode>
  </InternalNodes>
  <InternalPorts>
    <kAIXmlBehaviour.InternalXml.SerialPort>
      <IsGloballyAccesible>false</IsGloballyAccesible>
      <PortDataType>System.Boolean</PortDataType>
      <PortDataTypeAssembly>mscorlib</PortDataTypeAssembly>
      <PortDirection>PortDirection_Out</PortDirection>
      <PortID>OnActivate</PortID>
      <PortIsEnumerable>false</PortIsEnumerable>
      <PortIsTrigger>true</PortIsTrigger>
    </kAIXmlBehaviour.InternalXml.SerialPort>
    <kAIXmlBehaviour.InternalXml.SerialPort>
      <IsGloballyAccesible>false</IsGloballyAccesible>
      <PortDataType>System.Boolean</PortDataType>
      <PortDataTypeAssembly>mscorlib</PortDataTypeAssembly>
      <PortDirection>PortDirection_In</PortDirection>
      <PortID>Deactivate</PortID>
      <PortIsEnumerable>false</PortIsEnumerable>
      <PortIsTrigger>true</PortIsTrigger>
    </kAIXmlBehaviour.InternalXml.SerialPort>
    <kAIXmlBehaviour.InternalXml.SerialPort>
      <IsGloballyAccesible>true</IsGloballyAccesible>
      <PortDataType>UnityEngine.GameObject</PortDataType>
      <PortDataTypeAssembly>UnityEngine</PortDataTypeAssembly>
      <PortDirection>PortDirection_Out</PortDirection>
      <PortID>Target</PortID>
      <PortIsEnumerable>false</PortIsEnumerable>
      <PortIsTrigger>false</PortIsTrigger>
    </kAIXmlBehaviour.InternalXml.SerialPort>
    <kAIXmlBehaviour.InternalXml.SerialPort>
      <IsGloballyAccesible>true</IsGloballyAccesible>
      <PortDataType>UnityEngine.Vector3</PortDataType>
      <PortDataTypeAssembly>UnityEngine</PortDataTypeAssembly>
      <PortDirection>PortDirection_In</PortDirection>
      <PortID>FaceDirection</PortID>
      <PortIsEnumerable>false</PortIsEnumerable>
      <PortIsTrigger>false</PortIsTrigger>
    </kAIXmlBehaviour.InternalXml.SerialPort>
  </InternalPorts>
</kAIXmlBehaviour>