﻿<?xml version="1.0" encoding="utf-8"?>
<kAIXmlBehaviour xmlns:i="http://www.w3.org/2001/XMLSchema-instance" xmlns="http://schemas.datacontract.org/2004/07/kAI.Core">
  <BehaviourID>IdleBehaviour</BehaviourID>
  <InternalConnexions>
    <kAIXmlBehaviour.InternalXml.SerialConnexion>
      <EndNodeID>
        <NodeID>NearestTargetNull</NodeID>
      </EndNodeID>
      <EndPortID>
        <PortID>lObject</PortID>
      </EndPortID>
      <StartNodeID>
        <NodeID>GetNearestTarget</NodeID>
      </StartNodeID>
      <StartPortID>
        <PortID>DataReturn</PortID>
      </StartPortID>
    </kAIXmlBehaviour.InternalXml.SerialConnexion>
    <kAIXmlBehaviour.InternalXml.SerialConnexion>
      <EndNodeID>
        <NodeID>AttackLastAttacker</NodeID>
      </EndNodeID>
      <EndPortID>
        <PortID>trueValue</PortID>
      </EndPortID>
      <StartNodeID>
        <NodeID>GetNearestTarget</NodeID>
      </StartNodeID>
      <StartPortID>
        <PortID>DataReturn</PortID>
      </StartPortID>
    </kAIXmlBehaviour.InternalXml.SerialConnexion>
    <kAIXmlBehaviour.InternalXml.SerialConnexion>
      <EndNodeID>
        <NodeID>GetNearestTarget</NodeID>
      </EndNodeID>
      <EndPortID>
        <PortID>maxRange</PortID>
      </EndPortID>
      <StartNodeID>
        <NodeID>MaxSeekRange</NodeID>
      </StartNodeID>
      <StartPortID>
        <PortID>Value</PortID>
      </StartPortID>
    </kAIXmlBehaviour.InternalXml.SerialConnexion>
    <kAIXmlBehaviour.InternalXml.SerialConnexion>
      <EndNodeID>
        <NodeID>IsNearestNullNot</NodeID>
      </EndNodeID>
      <EndPortID>
        <PortID>entry</PortID>
      </EndPortID>
      <StartNodeID>
        <NodeID>NearestTargetNull</NodeID>
      </StartNodeID>
      <StartPortID>
        <PortID>DataReturn</PortID>
      </StartPortID>
    </kAIXmlBehaviour.InternalXml.SerialConnexion>
    <kAIXmlBehaviour.InternalXml.SerialConnexion>
      <EndNodeID>
        <NodeID>HaveTargetAndHealth</NodeID>
      </EndNodeID>
      <EndPortID>
        <PortID>entry1</PortID>
      </EndPortID>
      <StartNodeID>
        <NodeID>IfGreaterThanOrEqual</NodeID>
      </StartNodeID>
      <StartPortID>
        <PortID>DataReturn</PortID>
      </StartPortID>
    </kAIXmlBehaviour.InternalXml.SerialConnexion>
    <kAIXmlBehaviour.InternalXml.SerialConnexion>
      <EndNodeID>
        <NodeID>IfGreaterThanOrEqual</NodeID>
      </EndNodeID>
      <EndPortID>
        <PortID>entry2</PortID>
      </EndPortID>
      <StartNodeID>
        <NodeID>HealthThreshold</NodeID>
      </StartNodeID>
      <StartPortID>
        <PortID>Value</PortID>
      </StartPortID>
    </kAIXmlBehaviour.InternalXml.SerialConnexion>
    <kAIXmlBehaviour.InternalXml.SerialConnexion>
      <EndNodeID>
        <NodeID>AOrBChooser</NodeID>
      </EndNodeID>
      <EndPortID>
        <PortID>value</PortID>
      </EndPortID>
      <StartNodeID>
        <NodeID>HaveTargetAndHealth</NodeID>
      </StartNodeID>
      <StartPortID>
        <PortID>DataReturn</PortID>
      </StartPortID>
    </kAIXmlBehaviour.InternalXml.SerialConnexion>
    <kAIXmlBehaviour.InternalXml.SerialConnexion>
      <EndNodeID>
        <NodeID>AOrBChooser0</NodeID>
      </EndNodeID>
      <EndPortID>
        <PortID>value</PortID>
      </EndPortID>
      <StartNodeID>
        <NodeID>HaveTargetAndHealth</NodeID>
      </StartNodeID>
      <StartPortID>
        <PortID>DataReturn</PortID>
      </StartPortID>
    </kAIXmlBehaviour.InternalXml.SerialConnexion>
    <kAIXmlBehaviour.InternalXml.SerialConnexion>
      <EndNodeID>
        <NodeID>HandleAttackOrder</NodeID>
      </EndNodeID>
      <EndPortID>
        <PortID>Activate</PortID>
      </EndPortID>
      <StartNodeID>
        <NodeID>HaveTargetAndHealth</NodeID>
      </StartNodeID>
      <StartPortID>
        <PortID>OnTrue</PortID>
      </StartPortID>
    </kAIXmlBehaviour.InternalXml.SerialConnexion>
    <kAIXmlBehaviour.InternalXml.SerialConnexion>
      <EndNodeID>
        <NodeID>HandleAttackOrder</NodeID>
      </EndNodeID>
      <EndPortID>
        <PortID>Deactivate</PortID>
      </EndPortID>
      <StartNodeID>
        <NodeID>HaveTargetAndHealth</NodeID>
      </StartNodeID>
      <StartPortID>
        <PortID>OnFalse</PortID>
      </StartPortID>
    </kAIXmlBehaviour.InternalXml.SerialConnexion>
    <kAIXmlBehaviour.InternalXml.SerialConnexion>
      <EndNodeID>
        <NodeID>InvalidNode</NodeID>
      </EndNodeID>
      <EndPortID>
        <PortID>Shoot</PortID>
      </EndPortID>
      <StartNodeID>
        <NodeID>HandleAttackOrder</NodeID>
      </StartNodeID>
      <StartPortID>
        <PortID>Fire</PortID>
      </StartPortID>
    </kAIXmlBehaviour.InternalXml.SerialConnexion>
    <kAIXmlBehaviour.InternalXml.SerialConnexion>
      <EndNodeID>
        <NodeID>AOrBChooser</NodeID>
      </EndNodeID>
      <EndPortID>
        <PortID>trueValue</PortID>
      </EndPortID>
      <StartNodeID>
        <NodeID>HandleAttackOrder</NodeID>
      </StartNodeID>
      <StartPortID>
        <PortID>Move</PortID>
      </StartPortID>
    </kAIXmlBehaviour.InternalXml.SerialConnexion>
    <kAIXmlBehaviour.InternalXml.SerialConnexion>
      <EndNodeID>
        <NodeID>AOrBChooser0</NodeID>
      </EndNodeID>
      <EndPortID>
        <PortID>trueValue</PortID>
      </EndPortID>
      <StartNodeID>
        <NodeID>HandleAttackOrder</NodeID>
      </StartNodeID>
      <StartPortID>
        <PortID>Face</PortID>
      </StartPortID>
    </kAIXmlBehaviour.InternalXml.SerialConnexion>
    <kAIXmlBehaviour.InternalXml.SerialConnexion>
      <EndNodeID>
        <NodeID>InvalidNode</NodeID>
      </EndNodeID>
      <EndPortID>
        <PortID>Move</PortID>
      </EndPortID>
      <StartNodeID>
        <NodeID>AOrBChooser</NodeID>
      </StartNodeID>
      <StartPortID>
        <PortID>DataReturn</PortID>
      </StartPortID>
    </kAIXmlBehaviour.InternalXml.SerialConnexion>
    <kAIXmlBehaviour.InternalXml.SerialConnexion>
      <EndNodeID>
        <NodeID>InvalidNode</NodeID>
      </EndNodeID>
      <EndPortID>
        <PortID>Face</PortID>
      </EndPortID>
      <StartNodeID>
        <NodeID>AOrBChooser0</NodeID>
      </StartNodeID>
      <StartPortID>
        <PortID>DataReturn</PortID>
      </StartPortID>
    </kAIXmlBehaviour.InternalXml.SerialConnexion>
    <kAIXmlBehaviour.InternalXml.SerialConnexion>
      <EndNodeID>
        <NodeID>EitherNearOrLastAttacker</NodeID>
      </EndNodeID>
      <EndPortID>
        <PortID>entry2</PortID>
      </EndPortID>
      <StartNodeID>
        <NodeID>IsNearestNullNot</NodeID>
      </StartNodeID>
      <StartPortID>
        <PortID>DataReturn</PortID>
      </StartPortID>
    </kAIXmlBehaviour.InternalXml.SerialConnexion>
    <kAIXmlBehaviour.InternalXml.SerialConnexion>
      <EndNodeID>
        <NodeID>IsLastNullNot</NodeID>
      </EndNodeID>
      <EndPortID>
        <PortID>entry</PortID>
      </EndPortID>
      <StartNodeID>
        <NodeID>LastAttackerNull</NodeID>
      </StartNodeID>
      <StartPortID>
        <PortID>DataReturn</PortID>
      </StartPortID>
    </kAIXmlBehaviour.InternalXml.SerialConnexion>
    <kAIXmlBehaviour.InternalXml.SerialConnexion>
      <EndNodeID>
        <NodeID>AttackLastAttacker</NodeID>
      </EndNodeID>
      <EndPortID>
        <PortID>value</PortID>
      </EndPortID>
      <StartNodeID>
        <NodeID>LastAttackerNull</NodeID>
      </StartNodeID>
      <StartPortID>
        <PortID>DataReturn</PortID>
      </StartPortID>
    </kAIXmlBehaviour.InternalXml.SerialConnexion>
    <kAIXmlBehaviour.InternalXml.SerialConnexion>
      <EndNodeID>
        <NodeID>HandleAttackOrder</NodeID>
      </EndNodeID>
      <EndPortID>
        <PortID>Activate</PortID>
      </EndPortID>
      <StartNodeID>
        <NodeID>LastAttackerNull</NodeID>
      </StartNodeID>
      <StartPortID>
        <PortID>OnTrue</PortID>
      </StartPortID>
    </kAIXmlBehaviour.InternalXml.SerialConnexion>
    <kAIXmlBehaviour.InternalXml.SerialConnexion>
      <EndNodeID>
        <NodeID>EitherNearOrLastAttacker</NodeID>
      </EndNodeID>
      <EndPortID>
        <PortID>entry1</PortID>
      </EndPortID>
      <StartNodeID>
        <NodeID>IsLastNullNot</NodeID>
      </StartNodeID>
      <StartPortID>
        <PortID>DataReturn</PortID>
      </StartPortID>
    </kAIXmlBehaviour.InternalXml.SerialConnexion>
    <kAIXmlBehaviour.InternalXml.SerialConnexion>
      <EndNodeID>
        <NodeID>HaveTargetAndHealth</NodeID>
      </EndNodeID>
      <EndPortID>
        <PortID>entry2</PortID>
      </EndPortID>
      <StartNodeID>
        <NodeID>EitherNearOrLastAttacker</NodeID>
      </StartNodeID>
      <StartPortID>
        <PortID>DataReturn</PortID>
      </StartPortID>
    </kAIXmlBehaviour.InternalXml.SerialConnexion>
    <kAIXmlBehaviour.InternalXml.SerialConnexion>
      <EndNodeID>
        <NodeID>HandleAttackOrder</NodeID>
      </EndNodeID>
      <EndPortID>
        <PortID>Target</PortID>
      </EndPortID>
      <StartNodeID>
        <NodeID>AttackLastAttacker</NodeID>
      </StartNodeID>
      <StartPortID>
        <PortID>DataReturn</PortID>
      </StartPortID>
    </kAIXmlBehaviour.InternalXml.SerialConnexion>
    <kAIXmlBehaviour.InternalXml.SerialConnexion>
      <EndNodeID>
        <NodeID>AOrBChooser</NodeID>
      </EndNodeID>
      <EndPortID>
        <PortID>falseValue</PortID>
      </EndPortID>
      <StartNodeID>
        <NodeID>GetDefault</NodeID>
      </StartNodeID>
      <StartPortID>
        <PortID>DataReturn</PortID>
      </StartPortID>
    </kAIXmlBehaviour.InternalXml.SerialConnexion>
    <kAIXmlBehaviour.InternalXml.SerialConnexion>
      <EndNodeID>
        <NodeID>AOrBChooser0</NodeID>
      </EndNodeID>
      <EndPortID>
        <PortID>falseValue</PortID>
      </EndPortID>
      <StartNodeID>
        <NodeID>GetDefault</NodeID>
      </StartNodeID>
      <StartPortID>
        <PortID>DataReturn</PortID>
      </StartPortID>
    </kAIXmlBehaviour.InternalXml.SerialConnexion>
    <kAIXmlBehaviour.InternalXml.SerialConnexion>
      <EndNodeID>
        <NodeID>IndividualFigureofEight</NodeID>
      </EndNodeID>
      <EndPortID>
        <PortID>Activate</PortID>
      </EndPortID>
      <StartNodeID>
        <NodeID>InvalidNode</NodeID>
      </StartNodeID>
      <StartPortID>
        <PortID>OnActivate</PortID>
      </StartPortID>
    </kAIXmlBehaviour.InternalXml.SerialConnexion>
    <kAIXmlBehaviour.InternalXml.SerialConnexion>
      <EndNodeID>
        <NodeID>IfGreaterThanOrEqual</NodeID>
      </EndNodeID>
      <EndPortID>
        <PortID>entry1</PortID>
      </EndPortID>
      <StartNodeID>
        <NodeID>InvalidNode</NodeID>
      </StartNodeID>
      <StartPortID>
        <PortID>Health</PortID>
      </StartPortID>
    </kAIXmlBehaviour.InternalXml.SerialConnexion>
    <kAIXmlBehaviour.InternalXml.SerialConnexion>
      <EndNodeID>
        <NodeID>LastAttackerNull</NodeID>
      </EndNodeID>
      <EndPortID>
        <PortID>lObject</PortID>
      </EndPortID>
      <StartNodeID>
        <NodeID>InvalidNode</NodeID>
      </StartNodeID>
      <StartPortID>
        <PortID>LastAttacker</PortID>
      </StartPortID>
    </kAIXmlBehaviour.InternalXml.SerialConnexion>
    <kAIXmlBehaviour.InternalXml.SerialConnexion>
      <EndNodeID>
        <NodeID>AttackLastAttacker</NodeID>
      </EndNodeID>
      <EndPortID>
        <PortID>falseValue</PortID>
      </EndPortID>
      <StartNodeID>
        <NodeID>InvalidNode</NodeID>
      </StartNodeID>
      <StartPortID>
        <PortID>LastAttacker</PortID>
      </StartPortID>
    </kAIXmlBehaviour.InternalXml.SerialConnexion>
  </InternalConnexions>
  <InternalNodes>
    <kAIXmlBehaviour.InternalXml.SerialNode>
      <NodeContents i:type="kAIFunctionNode.SerialObject">
        <AssemblyName>Assembly-CSharp</AssemblyName>
        <FunctionConfiguraion>
          <GenericConfiguration />
          <IsFirstParameterSelf>true</IsFirstParameterSelf>
          <IsFunctionExecutable>false</IsFunctionExecutable>
          <ReturnConfiguration>
            <PropertyEnabled xmlns:d7p1="http://schemas.microsoft.com/2003/10/Serialization/Arrays">
              <d7p1:boolean>true</d7p1:boolean>
            </PropertyEnabled>
          </ReturnConfiguration>
        </FunctionConfiguraion>
        <MethodName>GetNearestTarget</MethodName>
        <TypeName>WeaponFunctions</TypeName>
      </NodeContents>
      <NodeID>
        <NodeID>GetNearestTarget</NodeID>
      </NodeID>
      <NodeSerialAssembly>kAICore</NodeSerialAssembly>
      <NodeSerialType>kAI.Core.kAIFunctionNode+SerialObject</NodeSerialType>
      <NodeType>kAI.Core.kAIFunctionNode</NodeType>
      <NodeTypeAssembly>kAICore</NodeTypeAssembly>
    </kAIXmlBehaviour.InternalXml.SerialNode>
    <kAIXmlBehaviour.InternalXml.SerialNode>
      <NodeContents i:type="kAIConstantFloatNode.SerialObject">
        <Value>60</Value>
      </NodeContents>
      <NodeID>
        <NodeID>MaxSeekRange</NodeID>
      </NodeID>
      <NodeSerialAssembly>kAICore</NodeSerialAssembly>
      <NodeSerialType>kAI.Core.kAIConstantFloatNode+SerialObject</NodeSerialType>
      <NodeType>kAI.Core.kAIConstantFloatNode</NodeType>
      <NodeTypeAssembly>kAICore</NodeTypeAssembly>
    </kAIXmlBehaviour.InternalXml.SerialNode>
    <kAIXmlBehaviour.InternalXml.SerialNode>
      <NodeContents i:type="kAIFunctionNode.SerialObject">
        <AssemblyName>kAICore</AssemblyName>
        <FunctionConfiguraion>
          <GenericConfiguration>
            <SerialType>
              <AssemblyName>UnityEngine</AssemblyName>
              <TypeName>UnityEngine.GameObject</TypeName>
            </SerialType>
          </GenericConfiguration>
          <IsFirstParameterSelf>false</IsFirstParameterSelf>
          <IsFunctionExecutable>false</IsFunctionExecutable>
          <ReturnConfiguration>
            <PropertyEnabled xmlns:d7p1="http://schemas.microsoft.com/2003/10/Serialization/Arrays">
              <d7p1:boolean>true</d7p1:boolean>
              <d7p1:boolean>true</d7p1:boolean>
              <d7p1:boolean>true</d7p1:boolean>
              <d7p1:boolean>false</d7p1:boolean>
              <d7p1:boolean>false</d7p1:boolean>
              <d7p1:boolean>false</d7p1:boolean>
            </PropertyEnabled>
          </ReturnConfiguration>
        </FunctionConfiguraion>
        <MethodName>IsNull</MethodName>
        <TypeName>kAI.Core.kAIFunctionNodes</TypeName>
      </NodeContents>
      <NodeID>
        <NodeID>NearestTargetNull</NodeID>
      </NodeID>
      <NodeSerialAssembly>kAICore</NodeSerialAssembly>
      <NodeSerialType>kAI.Core.kAIFunctionNode+SerialObject</NodeSerialType>
      <NodeType>kAI.Core.kAIFunctionNode</NodeType>
      <NodeTypeAssembly>kAICore</NodeTypeAssembly>
    </kAIXmlBehaviour.InternalXml.SerialNode>
    <kAIXmlBehaviour.InternalXml.SerialNode>
      <NodeContents i:type="kAIFunctionNode.SerialObject">
        <AssemblyName>kAICore</AssemblyName>
        <FunctionConfiguraion>
          <GenericConfiguration>
            <SerialType>
              <AssemblyName>mscorlib</AssemblyName>
              <TypeName>System.Single</TypeName>
            </SerialType>
          </GenericConfiguration>
          <IsFirstParameterSelf>false</IsFirstParameterSelf>
          <IsFunctionExecutable>false</IsFunctionExecutable>
          <ReturnConfiguration>
            <PropertyEnabled xmlns:d7p1="http://schemas.microsoft.com/2003/10/Serialization/Arrays">
              <d7p1:boolean>true</d7p1:boolean>
              <d7p1:boolean>false</d7p1:boolean>
              <d7p1:boolean>false</d7p1:boolean>
              <d7p1:boolean>false</d7p1:boolean>
              <d7p1:boolean>false</d7p1:boolean>
              <d7p1:boolean>false</d7p1:boolean>
            </PropertyEnabled>
          </ReturnConfiguration>
        </FunctionConfiguraion>
        <MethodName>IfGreaterThanOrEqual</MethodName>
        <TypeName>kAI.Core.kAIFunctionNodes</TypeName>
      </NodeContents>
      <NodeID>
        <NodeID>IfGreaterThanOrEqual</NodeID>
      </NodeID>
      <NodeSerialAssembly>kAICore</NodeSerialAssembly>
      <NodeSerialType>kAI.Core.kAIFunctionNode+SerialObject</NodeSerialType>
      <NodeType>kAI.Core.kAIFunctionNode</NodeType>
      <NodeTypeAssembly>kAICore</NodeTypeAssembly>
    </kAIXmlBehaviour.InternalXml.SerialNode>
    <kAIXmlBehaviour.InternalXml.SerialNode>
      <NodeContents i:type="kAIConstantFloatNode.SerialObject">
        <Value>0.6</Value>
      </NodeContents>
      <NodeID>
        <NodeID>HealthThreshold</NodeID>
      </NodeID>
      <NodeSerialAssembly>kAICore</NodeSerialAssembly>
      <NodeSerialType>kAI.Core.kAIConstantFloatNode+SerialObject</NodeSerialType>
      <NodeType>kAI.Core.kAIConstantFloatNode</NodeType>
      <NodeTypeAssembly>kAICore</NodeTypeAssembly>
    </kAIXmlBehaviour.InternalXml.SerialNode>
    <kAIXmlBehaviour.InternalXml.SerialNode>
      <NodeContents i:type="kAIFunctionNode.SerialObject">
        <AssemblyName>kAICore</AssemblyName>
        <FunctionConfiguraion>
          <GenericConfiguration />
          <IsFirstParameterSelf>false</IsFirstParameterSelf>
          <IsFunctionExecutable>false</IsFunctionExecutable>
          <ReturnConfiguration>
            <PropertyEnabled xmlns:d7p1="http://schemas.microsoft.com/2003/10/Serialization/Arrays">
              <d7p1:boolean>true</d7p1:boolean>
              <d7p1:boolean>true</d7p1:boolean>
              <d7p1:boolean>true</d7p1:boolean>
              <d7p1:boolean>false</d7p1:boolean>
              <d7p1:boolean>false</d7p1:boolean>
              <d7p1:boolean>false</d7p1:boolean>
            </PropertyEnabled>
          </ReturnConfiguration>
        </FunctionConfiguraion>
        <MethodName>And</MethodName>
        <TypeName>kAI.Core.kAIFunctionNodes</TypeName>
      </NodeContents>
      <NodeID>
        <NodeID>HaveTargetAndHealth</NodeID>
      </NodeID>
      <NodeSerialAssembly>kAICore</NodeSerialAssembly>
      <NodeSerialType>kAI.Core.kAIFunctionNode+SerialObject</NodeSerialType>
      <NodeType>kAI.Core.kAIFunctionNode</NodeType>
      <NodeTypeAssembly>kAICore</NodeTypeAssembly>
    </kAIXmlBehaviour.InternalXml.SerialNode>
    <kAIXmlBehaviour.InternalXml.SerialNode>
      <NodeContents i:type="kAIXmlBehaviour.SerialObject">
        <BehaviourID>
          <BehaviourID>HandleAttackOrder</BehaviourID>
        </BehaviourID>
        <XmlBehaviourFile>
          <Path>\HandleAttackOrder.xml</Path>
          <RootID>Behaviour:IdleBehaviour</RootID>
        </XmlBehaviourFile>
      </NodeContents>
      <NodeID>
        <NodeID>HandleAttackOrder</NodeID>
      </NodeID>
      <NodeSerialAssembly>kAICore</NodeSerialAssembly>
      <NodeSerialType>kAI.Core.kAIXmlBehaviour+SerialObject</NodeSerialType>
      <NodeType>kAI.Core.kAIXmlBehaviour</NodeType>
      <NodeTypeAssembly>kAICore</NodeTypeAssembly>
    </kAIXmlBehaviour.InternalXml.SerialNode>
    <kAIXmlBehaviour.InternalXml.SerialNode>
      <NodeContents i:type="kAIFunctionNode.SerialObject">
        <AssemblyName>kAICore</AssemblyName>
        <FunctionConfiguraion>
          <GenericConfiguration>
            <SerialType>
              <AssemblyName>UnityEngine</AssemblyName>
              <TypeName>UnityEngine.Vector3</TypeName>
            </SerialType>
          </GenericConfiguration>
          <IsFirstParameterSelf>false</IsFirstParameterSelf>
          <IsFunctionExecutable>false</IsFunctionExecutable>
          <ReturnConfiguration>
            <PropertyEnabled xmlns:d7p1="http://schemas.microsoft.com/2003/10/Serialization/Arrays">
              <d7p1:boolean>true</d7p1:boolean>
              <d7p1:boolean>false</d7p1:boolean>
            </PropertyEnabled>
          </ReturnConfiguration>
        </FunctionConfiguraion>
        <MethodName>AOrBChooser</MethodName>
        <TypeName>kAI.Core.kAIFunctionNodes</TypeName>
      </NodeContents>
      <NodeID>
        <NodeID>AOrBChooser</NodeID>
      </NodeID>
      <NodeSerialAssembly>kAICore</NodeSerialAssembly>
      <NodeSerialType>kAI.Core.kAIFunctionNode+SerialObject</NodeSerialType>
      <NodeType>kAI.Core.kAIFunctionNode</NodeType>
      <NodeTypeAssembly>kAICore</NodeTypeAssembly>
    </kAIXmlBehaviour.InternalXml.SerialNode>
    <kAIXmlBehaviour.InternalXml.SerialNode>
      <NodeContents i:type="kAIFunctionNode.SerialObject">
        <AssemblyName>kAICore</AssemblyName>
        <FunctionConfiguraion>
          <GenericConfiguration>
            <SerialType>
              <AssemblyName>UnityEngine</AssemblyName>
              <TypeName>UnityEngine.Vector3</TypeName>
            </SerialType>
          </GenericConfiguration>
          <IsFirstParameterSelf>false</IsFirstParameterSelf>
          <IsFunctionExecutable>false</IsFunctionExecutable>
          <ReturnConfiguration>
            <PropertyEnabled xmlns:d7p1="http://schemas.microsoft.com/2003/10/Serialization/Arrays">
              <d7p1:boolean>true</d7p1:boolean>
              <d7p1:boolean>false</d7p1:boolean>
            </PropertyEnabled>
          </ReturnConfiguration>
        </FunctionConfiguraion>
        <MethodName>AOrBChooser</MethodName>
        <TypeName>kAI.Core.kAIFunctionNodes</TypeName>
      </NodeContents>
      <NodeID>
        <NodeID>AOrBChooser0</NodeID>
      </NodeID>
      <NodeSerialAssembly>kAICore</NodeSerialAssembly>
      <NodeSerialType>kAI.Core.kAIFunctionNode+SerialObject</NodeSerialType>
      <NodeType>kAI.Core.kAIFunctionNode</NodeType>
      <NodeTypeAssembly>kAICore</NodeTypeAssembly>
    </kAIXmlBehaviour.InternalXml.SerialNode>
    <kAIXmlBehaviour.InternalXml.SerialNode>
      <NodeContents i:type="kAIFunctionNode.SerialObject">
        <AssemblyName>kAICore</AssemblyName>
        <FunctionConfiguraion>
          <GenericConfiguration />
          <IsFirstParameterSelf>false</IsFirstParameterSelf>
          <IsFunctionExecutable>false</IsFunctionExecutable>
          <ReturnConfiguration>
            <PropertyEnabled xmlns:d7p1="http://schemas.microsoft.com/2003/10/Serialization/Arrays">
              <d7p1:boolean>true</d7p1:boolean>
              <d7p1:boolean>false</d7p1:boolean>
              <d7p1:boolean>false</d7p1:boolean>
              <d7p1:boolean>false</d7p1:boolean>
              <d7p1:boolean>false</d7p1:boolean>
              <d7p1:boolean>false</d7p1:boolean>
            </PropertyEnabled>
          </ReturnConfiguration>
        </FunctionConfiguraion>
        <MethodName>Not</MethodName>
        <TypeName>kAI.Core.kAIFunctionNodes</TypeName>
      </NodeContents>
      <NodeID>
        <NodeID>IsNearestNullNot</NodeID>
      </NodeID>
      <NodeSerialAssembly>kAICore</NodeSerialAssembly>
      <NodeSerialType>kAI.Core.kAIFunctionNode+SerialObject</NodeSerialType>
      <NodeType>kAI.Core.kAIFunctionNode</NodeType>
      <NodeTypeAssembly>kAICore</NodeTypeAssembly>
    </kAIXmlBehaviour.InternalXml.SerialNode>
    <kAIXmlBehaviour.InternalXml.SerialNode>
      <NodeContents i:type="kAIFunctionNode.SerialObject">
        <AssemblyName>kAICore</AssemblyName>
        <FunctionConfiguraion>
          <GenericConfiguration>
            <SerialType>
              <AssemblyName>UnityEngine</AssemblyName>
              <TypeName>UnityEngine.GameObject</TypeName>
            </SerialType>
          </GenericConfiguration>
          <IsFirstParameterSelf>false</IsFirstParameterSelf>
          <IsFunctionExecutable>false</IsFunctionExecutable>
          <ReturnConfiguration>
            <PropertyEnabled xmlns:d7p1="http://schemas.microsoft.com/2003/10/Serialization/Arrays">
              <d7p1:boolean>true</d7p1:boolean>
              <d7p1:boolean>true</d7p1:boolean>
              <d7p1:boolean>true</d7p1:boolean>
              <d7p1:boolean>false</d7p1:boolean>
              <d7p1:boolean>false</d7p1:boolean>
              <d7p1:boolean>false</d7p1:boolean>
            </PropertyEnabled>
          </ReturnConfiguration>
        </FunctionConfiguraion>
        <MethodName>IsNull</MethodName>
        <TypeName>kAI.Core.kAIFunctionNodes</TypeName>
      </NodeContents>
      <NodeID>
        <NodeID>LastAttackerNull</NodeID>
      </NodeID>
      <NodeSerialAssembly>kAICore</NodeSerialAssembly>
      <NodeSerialType>kAI.Core.kAIFunctionNode+SerialObject</NodeSerialType>
      <NodeType>kAI.Core.kAIFunctionNode</NodeType>
      <NodeTypeAssembly>kAICore</NodeTypeAssembly>
    </kAIXmlBehaviour.InternalXml.SerialNode>
    <kAIXmlBehaviour.InternalXml.SerialNode>
      <NodeContents i:type="kAIFunctionNode.SerialObject">
        <AssemblyName>kAICore</AssemblyName>
        <FunctionConfiguraion>
          <GenericConfiguration />
          <IsFirstParameterSelf>false</IsFirstParameterSelf>
          <IsFunctionExecutable>false</IsFunctionExecutable>
          <ReturnConfiguration>
            <PropertyEnabled xmlns:d7p1="http://schemas.microsoft.com/2003/10/Serialization/Arrays">
              <d7p1:boolean>true</d7p1:boolean>
              <d7p1:boolean>false</d7p1:boolean>
              <d7p1:boolean>false</d7p1:boolean>
              <d7p1:boolean>false</d7p1:boolean>
              <d7p1:boolean>false</d7p1:boolean>
              <d7p1:boolean>false</d7p1:boolean>
            </PropertyEnabled>
          </ReturnConfiguration>
        </FunctionConfiguraion>
        <MethodName>Not</MethodName>
        <TypeName>kAI.Core.kAIFunctionNodes</TypeName>
      </NodeContents>
      <NodeID>
        <NodeID>IsLastNullNot</NodeID>
      </NodeID>
      <NodeSerialAssembly>kAICore</NodeSerialAssembly>
      <NodeSerialType>kAI.Core.kAIFunctionNode+SerialObject</NodeSerialType>
      <NodeType>kAI.Core.kAIFunctionNode</NodeType>
      <NodeTypeAssembly>kAICore</NodeTypeAssembly>
    </kAIXmlBehaviour.InternalXml.SerialNode>
    <kAIXmlBehaviour.InternalXml.SerialNode>
      <NodeContents i:type="kAIFunctionNode.SerialObject">
        <AssemblyName>kAICore</AssemblyName>
        <FunctionConfiguraion>
          <GenericConfiguration />
          <IsFirstParameterSelf>false</IsFirstParameterSelf>
          <IsFunctionExecutable>false</IsFunctionExecutable>
          <ReturnConfiguration>
            <PropertyEnabled xmlns:d7p1="http://schemas.microsoft.com/2003/10/Serialization/Arrays">
              <d7p1:boolean>true</d7p1:boolean>
              <d7p1:boolean>false</d7p1:boolean>
              <d7p1:boolean>false</d7p1:boolean>
              <d7p1:boolean>false</d7p1:boolean>
              <d7p1:boolean>false</d7p1:boolean>
              <d7p1:boolean>false</d7p1:boolean>
            </PropertyEnabled>
          </ReturnConfiguration>
        </FunctionConfiguraion>
        <MethodName>Or</MethodName>
        <TypeName>kAI.Core.kAIFunctionNodes</TypeName>
      </NodeContents>
      <NodeID>
        <NodeID>EitherNearOrLastAttacker</NodeID>
      </NodeID>
      <NodeSerialAssembly>kAICore</NodeSerialAssembly>
      <NodeSerialType>kAI.Core.kAIFunctionNode+SerialObject</NodeSerialType>
      <NodeType>kAI.Core.kAIFunctionNode</NodeType>
      <NodeTypeAssembly>kAICore</NodeTypeAssembly>
    </kAIXmlBehaviour.InternalXml.SerialNode>
    <kAIXmlBehaviour.InternalXml.SerialNode>
      <NodeContents i:type="kAIFunctionNode.SerialObject">
        <AssemblyName>kAICore</AssemblyName>
        <FunctionConfiguraion>
          <GenericConfiguration>
            <SerialType>
              <AssemblyName>UnityEngine</AssemblyName>
              <TypeName>UnityEngine.GameObject</TypeName>
            </SerialType>
          </GenericConfiguration>
          <IsFirstParameterSelf>false</IsFirstParameterSelf>
          <IsFunctionExecutable>false</IsFunctionExecutable>
          <ReturnConfiguration>
            <PropertyEnabled xmlns:d7p1="http://schemas.microsoft.com/2003/10/Serialization/Arrays">
              <d7p1:boolean>true</d7p1:boolean>
            </PropertyEnabled>
          </ReturnConfiguration>
        </FunctionConfiguraion>
        <MethodName>AOrBChooser</MethodName>
        <TypeName>kAI.Core.kAIFunctionNodes</TypeName>
      </NodeContents>
      <NodeID>
        <NodeID>AttackLastAttacker</NodeID>
      </NodeID>
      <NodeSerialAssembly>kAICore</NodeSerialAssembly>
      <NodeSerialType>kAI.Core.kAIFunctionNode+SerialObject</NodeSerialType>
      <NodeType>kAI.Core.kAIFunctionNode</NodeType>
      <NodeTypeAssembly>kAICore</NodeTypeAssembly>
    </kAIXmlBehaviour.InternalXml.SerialNode>
    <kAIXmlBehaviour.InternalXml.SerialNode>
      <NodeContents i:type="kAICodeBehaviour.SerialObject">
        <BehaviourAssembly>Assembly-CSharp</BehaviourAssembly>
        <BehaviourID>IndividualFigureofEight</BehaviourID>
        <BehaviourType>IndividualFigureofEight</BehaviourType>
      </NodeContents>
      <NodeID>
        <NodeID>IndividualFigureofEight</NodeID>
      </NodeID>
      <NodeSerialAssembly>kAICore</NodeSerialAssembly>
      <NodeSerialType>kAI.Core.kAICodeBehaviour+SerialObject</NodeSerialType>
      <NodeType>IndividualFigureofEight</NodeType>
      <NodeTypeAssembly>Assembly-CSharp</NodeTypeAssembly>
    </kAIXmlBehaviour.InternalXml.SerialNode>
    <kAIXmlBehaviour.InternalXml.SerialNode>
      <NodeContents i:type="kAIFunctionNode.SerialObject">
        <AssemblyName>kAICore</AssemblyName>
        <FunctionConfiguraion>
          <GenericConfiguration>
            <SerialType>
              <AssemblyName>UnityEngine</AssemblyName>
              <TypeName>UnityEngine.Vector3</TypeName>
            </SerialType>
          </GenericConfiguration>
          <IsFirstParameterSelf>false</IsFirstParameterSelf>
          <IsFunctionExecutable>false</IsFunctionExecutable>
          <ReturnConfiguration>
            <PropertyEnabled xmlns:d7p1="http://schemas.microsoft.com/2003/10/Serialization/Arrays">
              <d7p1:boolean>true</d7p1:boolean>
              <d7p1:boolean>false</d7p1:boolean>
            </PropertyEnabled>
          </ReturnConfiguration>
        </FunctionConfiguraion>
        <MethodName>GetDefault</MethodName>
        <TypeName>kAI.Core.kAIFunctionNodes</TypeName>
      </NodeContents>
      <NodeID>
        <NodeID>GetDefault</NodeID>
      </NodeID>
      <NodeSerialAssembly>kAICore</NodeSerialAssembly>
      <NodeSerialType>kAI.Core.kAIFunctionNode+SerialObject</NodeSerialType>
      <NodeType>kAI.Core.kAIFunctionNode</NodeType>
      <NodeTypeAssembly>kAICore</NodeTypeAssembly>
    </kAIXmlBehaviour.InternalXml.SerialNode>
  </InternalNodes>
  <InternalPorts>
    <kAIXmlBehaviour.InternalXml.SerialPort>
      <IsGloballyAccesible>false</IsGloballyAccesible>
      <PortDataType>System.Boolean</PortDataType>
      <PortDataTypeAssembly>mscorlib</PortDataTypeAssembly>
      <PortDirection>PortDirection_Out</PortDirection>
      <PortID>OnActivate</PortID>
      <PortIsEnumerable>false</PortIsEnumerable>
      <PortIsTrigger>true</PortIsTrigger>
    </kAIXmlBehaviour.InternalXml.SerialPort>
    <kAIXmlBehaviour.InternalXml.SerialPort>
      <IsGloballyAccesible>false</IsGloballyAccesible>
      <PortDataType>System.Boolean</PortDataType>
      <PortDataTypeAssembly>mscorlib</PortDataTypeAssembly>
      <PortDirection>PortDirection_In</PortDirection>
      <PortID>Deactivate</PortID>
      <PortIsEnumerable>false</PortIsEnumerable>
      <PortIsTrigger>true</PortIsTrigger>
    </kAIXmlBehaviour.InternalXml.SerialPort>
    <kAIXmlBehaviour.InternalXml.SerialPort>
      <IsGloballyAccesible>true</IsGloballyAccesible>
      <PortDataType>UnityEngine.Vector3</PortDataType>
      <PortDataTypeAssembly>UnityEngine</PortDataTypeAssembly>
      <PortDirection>PortDirection_In</PortDirection>
      <PortID>Move</PortID>
      <PortIsEnumerable>false</PortIsEnumerable>
      <PortIsTrigger>false</PortIsTrigger>
    </kAIXmlBehaviour.InternalXml.SerialPort>
    <kAIXmlBehaviour.InternalXml.SerialPort>
      <IsGloballyAccesible>true</IsGloballyAccesible>
      <PortDataType>UnityEngine.Vector3</PortDataType>
      <PortDataTypeAssembly>UnityEngine</PortDataTypeAssembly>
      <PortDirection>PortDirection_In</PortDirection>
      <PortID>Face</PortID>
      <PortIsEnumerable>false</PortIsEnumerable>
      <PortIsTrigger>false</PortIsTrigger>
    </kAIXmlBehaviour.InternalXml.SerialPort>
    <kAIXmlBehaviour.InternalXml.SerialPort>
      <IsGloballyAccesible>true</IsGloballyAccesible>
      <PortDataType>System.Boolean</PortDataType>
      <PortDataTypeAssembly>mscorlib</PortDataTypeAssembly>
      <PortDirection>PortDirection_In</PortDirection>
      <PortID>Shoot</PortID>
      <PortIsEnumerable>false</PortIsEnumerable>
      <PortIsTrigger>true</PortIsTrigger>
    </kAIXmlBehaviour.InternalXml.SerialPort>
    <kAIXmlBehaviour.InternalXml.SerialPort>
      <IsGloballyAccesible>true</IsGloballyAccesible>
      <PortDataType>System.Single</PortDataType>
      <PortDataTypeAssembly>mscorlib</PortDataTypeAssembly>
      <PortDirection>PortDirection_Out</PortDirection>
      <PortID>Health</PortID>
      <PortIsEnumerable>false</PortIsEnumerable>
      <PortIsTrigger>false</PortIsTrigger>
    </kAIXmlBehaviour.InternalXml.SerialPort>
    <kAIXmlBehaviour.InternalXml.SerialPort>
      <IsGloballyAccesible>true</IsGloballyAccesible>
      <PortDataType>UnityEngine.GameObject</PortDataType>
      <PortDataTypeAssembly>UnityEngine</PortDataTypeAssembly>
      <PortDirection>PortDirection_Out</PortDirection>
      <PortID>LastAttacker</PortID>
      <PortIsEnumerable>false</PortIsEnumerable>
      <PortIsTrigger>false</PortIsTrigger>
    </kAIXmlBehaviour.InternalXml.SerialPort>
  </InternalPorts>
</kAIXmlBehaviour>