﻿<?xml version="1.0" encoding="utf-8"?>
<kAIXmlBehaviour xmlns:i="http://www.w3.org/2001/XMLSchema-instance" xmlns="http://schemas.datacontract.org/2004/07/kAI.Core">
  <BehaviourID>SimpleAIBase</BehaviourID>
  <InternalConnexions>
    <kAIXmlBehaviour.InternalXml.SerialConnexion>
      <EndNodeID>
        <NodeID>AIRunAwayBehaviour</NodeID>
      </EndNodeID>
      <EndPortID>
        <PortID>Activate</PortID>
      </EndPortID>
      <StartNodeID>
        <NodeID>AIIdleBehaviour</NodeID>
      </StartNodeID>
      <StartPortID>
        <PortID>OnDeactivated</PortID>
      </StartPortID>
    </kAIXmlBehaviour.InternalXml.SerialConnexion>
    <kAIXmlBehaviour.InternalXml.SerialConnexion>
      <EndNodeID>
        <NodeID>AIIdleBehaviour</NodeID>
      </EndNodeID>
      <EndPortID>
        <PortID>Activate</PortID>
      </EndPortID>
      <StartNodeID>
        <NodeID>AIRunAwayBehaviour</NodeID>
      </StartNodeID>
      <StartPortID>
        <PortID>OnDeactivated</PortID>
      </StartPortID>
    </kAIXmlBehaviour.InternalXml.SerialConnexion>
    <kAIXmlBehaviour.InternalXml.SerialConnexion>
      <EndNodeID>
        <NodeID>AIIdleBehaviour</NodeID>
      </EndNodeID>
      <EndPortID>
        <PortID>Deactivate</PortID>
      </EndPortID>
      <StartNodeID>
        <NodeID>IfLessThan</NodeID>
      </StartNodeID>
      <StartPortID>
        <PortID>OnBecomeTrue</PortID>
      </StartPortID>
    </kAIXmlBehaviour.InternalXml.SerialConnexion>
    <kAIXmlBehaviour.InternalXml.SerialConnexion>
      <EndNodeID>
        <NodeID>AIRunAwayBehaviour</NodeID>
      </EndNodeID>
      <EndPortID>
        <PortID>Deactivate</PortID>
      </EndPortID>
      <StartNodeID>
        <NodeID>IfLessThan</NodeID>
      </StartNodeID>
      <StartPortID>
        <PortID>OnBecomeFalse</PortID>
      </StartPortID>
    </kAIXmlBehaviour.InternalXml.SerialConnexion>
    <kAIXmlBehaviour.InternalXml.SerialConnexion>
      <EndNodeID>
        <NodeID>IfLessThan</NodeID>
      </EndNodeID>
      <EndPortID>
        <PortID>entry2</PortID>
      </EndPortID>
      <StartNodeID>
        <NodeID>HealthThreshold</NodeID>
      </StartNodeID>
      <StartPortID>
        <PortID>Value</PortID>
      </StartPortID>
    </kAIXmlBehaviour.InternalXml.SerialConnexion>
    <kAIXmlBehaviour.InternalXml.SerialConnexion>
      <EndNodeID>
        <NodeID>AIIdleBehaviour</NodeID>
      </EndNodeID>
      <EndPortID>
        <PortID>Activate</PortID>
      </EndPortID>
      <StartNodeID>
        <NodeID>InvalidNode</NodeID>
      </StartNodeID>
      <StartPortID>
        <PortID>OnActivate</PortID>
      </StartPortID>
    </kAIXmlBehaviour.InternalXml.SerialConnexion>
    <kAIXmlBehaviour.InternalXml.SerialConnexion>
      <EndNodeID>
        <NodeID>HandleSwordBehaviour</NodeID>
      </EndNodeID>
      <EndPortID>
        <PortID>Activate</PortID>
      </EndPortID>
      <StartNodeID>
        <NodeID>InvalidNode</NodeID>
      </StartNodeID>
      <StartPortID>
        <PortID>OnActivate</PortID>
      </StartPortID>
    </kAIXmlBehaviour.InternalXml.SerialConnexion>
    <kAIXmlBehaviour.InternalXml.SerialConnexion>
      <EndNodeID>
        <NodeID>AIIdleBehaviour</NodeID>
      </EndNodeID>
      <EndPortID>
        <PortID>Target</PortID>
      </EndPortID>
      <StartNodeID>
        <NodeID>InvalidNode</NodeID>
      </StartNodeID>
      <StartPortID>
        <PortID>Target</PortID>
      </StartPortID>
    </kAIXmlBehaviour.InternalXml.SerialConnexion>
    <kAIXmlBehaviour.InternalXml.SerialConnexion>
      <EndNodeID>
        <NodeID>HandleSwordBehaviour</NodeID>
      </EndNodeID>
      <EndPortID>
        <PortID>Target</PortID>
      </EndPortID>
      <StartNodeID>
        <NodeID>InvalidNode</NodeID>
      </StartNodeID>
      <StartPortID>
        <PortID>Target</PortID>
      </StartPortID>
    </kAIXmlBehaviour.InternalXml.SerialConnexion>
    <kAIXmlBehaviour.InternalXml.SerialConnexion>
      <EndNodeID>
        <NodeID>AIRunAwayBehaviour</NodeID>
      </EndNodeID>
      <EndPortID>
        <PortID>Target</PortID>
      </EndPortID>
      <StartNodeID>
        <NodeID>InvalidNode</NodeID>
      </StartNodeID>
      <StartPortID>
        <PortID>Target</PortID>
      </StartPortID>
    </kAIXmlBehaviour.InternalXml.SerialConnexion>
    <kAIXmlBehaviour.InternalXml.SerialConnexion>
      <EndNodeID>
        <NodeID>IfLessThan</NodeID>
      </EndNodeID>
      <EndPortID>
        <PortID>entry1</PortID>
      </EndPortID>
      <StartNodeID>
        <NodeID>InvalidNode</NodeID>
      </StartNodeID>
      <StartPortID>
        <PortID>CharHealth</PortID>
      </StartPortID>
    </kAIXmlBehaviour.InternalXml.SerialConnexion>
  </InternalConnexions>
  <InternalNodes>
    <kAIXmlBehaviour.InternalXml.SerialNode>
      <NodeContents i:type="kAIXmlBehaviour.SerialObject">
        <BehaviourID>
          <BehaviourID>AIIdleBehaviour</BehaviourID>
        </BehaviourID>
        <XmlBehaviourFile>
          <Path>\AIIdleBehaviour.xml</Path>
          <RootID>Behaviour:SimpleAIBase</RootID>
        </XmlBehaviourFile>
      </NodeContents>
      <NodeID>
        <NodeID>AIIdleBehaviour</NodeID>
      </NodeID>
      <NodeSerialAssembly>kAICore</NodeSerialAssembly>
      <NodeSerialType>kAI.Core.kAIXmlBehaviour+SerialObject</NodeSerialType>
      <NodeType>kAI.Core.kAIXmlBehaviour</NodeType>
      <NodeTypeAssembly>kAICore</NodeTypeAssembly>
    </kAIXmlBehaviour.InternalXml.SerialNode>
    <kAIXmlBehaviour.InternalXml.SerialNode>
      <NodeContents i:type="kAIXmlBehaviour.SerialObject">
        <BehaviourID>
          <BehaviourID>AIRunAwayBehaviour</BehaviourID>
        </BehaviourID>
        <XmlBehaviourFile>
          <Path>\AIRunAwayBehaviour.xml</Path>
          <RootID>Behaviour:SimpleAIBase</RootID>
        </XmlBehaviourFile>
      </NodeContents>
      <NodeID>
        <NodeID>AIRunAwayBehaviour</NodeID>
      </NodeID>
      <NodeSerialAssembly>kAICore</NodeSerialAssembly>
      <NodeSerialType>kAI.Core.kAIXmlBehaviour+SerialObject</NodeSerialType>
      <NodeType>kAI.Core.kAIXmlBehaviour</NodeType>
      <NodeTypeAssembly>kAICore</NodeTypeAssembly>
    </kAIXmlBehaviour.InternalXml.SerialNode>
    <kAIXmlBehaviour.InternalXml.SerialNode>
      <NodeContents i:type="kAIFunctionNode.SerialObject">
        <AssemblyName>kAICore</AssemblyName>
        <FunctionConfiguraion>
          <GenericConfiguration>
            <SerialType>
              <AssemblyName>mscorlib</AssemblyName>
              <TypeName>System.Single</TypeName>
            </SerialType>
          </GenericConfiguration>
          <IsFirstParameterSelf>false</IsFirstParameterSelf>
          <IsFunctionExecutable>false</IsFunctionExecutable>
          <ReturnConfiguration>
            <PropertyEnabled xmlns:d7p1="http://schemas.microsoft.com/2003/10/Serialization/Arrays">
              <d7p1:boolean>false</d7p1:boolean>
              <d7p1:boolean>false</d7p1:boolean>
              <d7p1:boolean>false</d7p1:boolean>
              <d7p1:boolean>true</d7p1:boolean>
              <d7p1:boolean>true</d7p1:boolean>
            </PropertyEnabled>
          </ReturnConfiguration>
        </FunctionConfiguraion>
        <MethodName>IfLessThan</MethodName>
        <TypeName>kAI.Core.kAIFunctionNodes</TypeName>
      </NodeContents>
      <NodeID>
        <NodeID>IfLessThan</NodeID>
      </NodeID>
      <NodeSerialAssembly>kAICore</NodeSerialAssembly>
      <NodeSerialType>kAI.Core.kAIFunctionNode+SerialObject</NodeSerialType>
      <NodeType>kAI.Core.kAIFunctionNode</NodeType>
      <NodeTypeAssembly>kAICore</NodeTypeAssembly>
    </kAIXmlBehaviour.InternalXml.SerialNode>
    <kAIXmlBehaviour.InternalXml.SerialNode>
      <NodeContents i:type="kAIConstantFloatNode.SerialObject">
        <Value>50</Value>
      </NodeContents>
      <NodeID>
        <NodeID>HealthThreshold</NodeID>
      </NodeID>
      <NodeSerialAssembly>kAICore</NodeSerialAssembly>
      <NodeSerialType>kAI.Core.kAIConstantFloatNode+SerialObject</NodeSerialType>
      <NodeType>kAI.Core.kAIConstantFloatNode</NodeType>
      <NodeTypeAssembly>kAICore</NodeTypeAssembly>
    </kAIXmlBehaviour.InternalXml.SerialNode>
    <kAIXmlBehaviour.InternalXml.SerialNode>
      <NodeContents i:type="kAIXmlBehaviour.SerialObject">
        <BehaviourID>
          <BehaviourID>HandleSwordBehaviour</BehaviourID>
        </BehaviourID>
        <XmlBehaviourFile>
          <Path>\HandleSwordBehaviour.xml</Path>
          <RootID>Behaviour:SimpleAIBase</RootID>
        </XmlBehaviourFile>
      </NodeContents>
      <NodeID>
        <NodeID>HandleSwordBehaviour</NodeID>
      </NodeID>
      <NodeSerialAssembly>kAICore</NodeSerialAssembly>
      <NodeSerialType>kAI.Core.kAIXmlBehaviour+SerialObject</NodeSerialType>
      <NodeType>kAI.Core.kAIXmlBehaviour</NodeType>
      <NodeTypeAssembly>kAICore</NodeTypeAssembly>
    </kAIXmlBehaviour.InternalXml.SerialNode>
  </InternalNodes>
  <InternalPorts>
    <kAIXmlBehaviour.InternalXml.SerialPort>
      <IsGloballyAccesible>false</IsGloballyAccesible>
      <PortDataType>System.Boolean</PortDataType>
      <PortDataTypeAssembly>mscorlib</PortDataTypeAssembly>
      <PortDirection>PortDirection_Out</PortDirection>
      <PortID>OnActivate</PortID>
      <PortIsEnumerable>false</PortIsEnumerable>
      <PortIsTrigger>true</PortIsTrigger>
    </kAIXmlBehaviour.InternalXml.SerialPort>
    <kAIXmlBehaviour.InternalXml.SerialPort>
      <IsGloballyAccesible>false</IsGloballyAccesible>
      <PortDataType>System.Boolean</PortDataType>
      <PortDataTypeAssembly>mscorlib</PortDataTypeAssembly>
      <PortDirection>PortDirection_In</PortDirection>
      <PortID>Deactivate</PortID>
      <PortIsEnumerable>false</PortIsEnumerable>
      <PortIsTrigger>true</PortIsTrigger>
    </kAIXmlBehaviour.InternalXml.SerialPort>
    <kAIXmlBehaviour.InternalXml.SerialPort>
      <IsGloballyAccesible>true</IsGloballyAccesible>
      <PortDataType>System.Boolean</PortDataType>
      <PortDataTypeAssembly>mscorlib</PortDataTypeAssembly>
      <PortDirection>PortDirection_In</PortDirection>
      <PortID>SwingSword</PortID>
      <PortIsEnumerable>false</PortIsEnumerable>
      <PortIsTrigger>true</PortIsTrigger>
    </kAIXmlBehaviour.InternalXml.SerialPort>
    <kAIXmlBehaviour.InternalXml.SerialPort>
      <IsGloballyAccesible>true</IsGloballyAccesible>
      <PortDataType>System.Boolean</PortDataType>
      <PortDataTypeAssembly>mscorlib</PortDataTypeAssembly>
      <PortDirection>PortDirection_Out</PortDirection>
      <PortID>PlayerNear</PortID>
      <PortIsEnumerable>false</PortIsEnumerable>
      <PortIsTrigger>true</PortIsTrigger>
    </kAIXmlBehaviour.InternalXml.SerialPort>
    <kAIXmlBehaviour.InternalXml.SerialPort>
      <IsGloballyAccesible>true</IsGloballyAccesible>
      <PortDataType>UnityEngine.GameObject</PortDataType>
      <PortDataTypeAssembly>UnityEngine</PortDataTypeAssembly>
      <PortDirection>PortDirection_Out</PortDirection>
      <PortID>Target</PortID>
      <PortIsEnumerable>false</PortIsEnumerable>
      <PortIsTrigger>false</PortIsTrigger>
    </kAIXmlBehaviour.InternalXml.SerialPort>
    <kAIXmlBehaviour.InternalXml.SerialPort>
      <IsGloballyAccesible>true</IsGloballyAccesible>
      <PortDataType>System.Single</PortDataType>
      <PortDataTypeAssembly>mscorlib</PortDataTypeAssembly>
      <PortDirection>PortDirection_Out</PortDirection>
      <PortID>CharHealth</PortID>
      <PortIsEnumerable>false</PortIsEnumerable>
      <PortIsTrigger>false</PortIsTrigger>
    </kAIXmlBehaviour.InternalXml.SerialPort>
  </InternalPorts>
</kAIXmlBehaviour>