﻿<?xml version="1.0" encoding="utf-8"?>
<kAIXmlBehaviour xmlns:i="http://www.w3.org/2001/XMLSchema-instance" xmlns="http://schemas.datacontract.org/2004/07/kAI.Core">
  <BehaviourID>TestFunctionBehaviour</BehaviourID>
  <InternalConnexions>
    <kAIXmlBehaviour.InternalXml.SerialConnexion>
      <EndNodeID>
        <NodeID>PrintOnTrue</NodeID>
      </EndNodeID>
      <EndPortID>
        <PortID>Activate</PortID>
      </EndPortID>
      <StartNodeID>
        <NodeID>IfEquals</NodeID>
      </StartNodeID>
      <StartPortID>
        <PortID>OnTrue</PortID>
      </StartPortID>
    </kAIXmlBehaviour.InternalXml.SerialConnexion>
    <kAIXmlBehaviour.InternalXml.SerialConnexion>
      <EndNodeID>
        <NodeID>PrintOnFalse</NodeID>
      </EndNodeID>
      <EndPortID>
        <PortID>Activate</PortID>
      </EndPortID>
      <StartNodeID>
        <NodeID>IfEquals</NodeID>
      </StartNodeID>
      <StartPortID>
        <PortID>OnFalse</PortID>
      </StartPortID>
    </kAIXmlBehaviour.InternalXml.SerialConnexion>
    <kAIXmlBehaviour.InternalXml.SerialConnexion>
      <EndNodeID>
        <NodeID>PrintOnBecomeTrue</NodeID>
      </EndNodeID>
      <EndPortID>
        <PortID>Activate</PortID>
      </EndPortID>
      <StartNodeID>
        <NodeID>IfEquals</NodeID>
      </StartNodeID>
      <StartPortID>
        <PortID>OnBecomeTrue</PortID>
      </StartPortID>
    </kAIXmlBehaviour.InternalXml.SerialConnexion>
    <kAIXmlBehaviour.InternalXml.SerialConnexion>
      <EndNodeID>
        <NodeID>PrintOnBecomeFalse</NodeID>
      </EndNodeID>
      <EndPortID>
        <PortID>Activate</PortID>
      </EndPortID>
      <StartNodeID>
        <NodeID>IfEquals</NodeID>
      </StartNodeID>
      <StartPortID>
        <PortID>OnBecomeFalse</PortID>
      </StartPortID>
    </kAIXmlBehaviour.InternalXml.SerialConnexion>
    <kAIXmlBehaviour.InternalXml.SerialConnexion>
      <EndNodeID>
        <NodeID>IfEquals</NodeID>
      </EndNodeID>
      <EndPortID>
        <PortID>lB</PortID>
      </EndPortID>
      <StartNodeID>
        <NodeID>ConstantInt32</NodeID>
      </StartNodeID>
      <StartPortID>
        <PortID>Value</PortID>
      </StartPortID>
    </kAIXmlBehaviour.InternalXml.SerialConnexion>
    <kAIXmlBehaviour.InternalXml.SerialConnexion>
      <EndNodeID>
        <NodeID>PrintOnTrue</NodeID>
      </EndNodeID>
      <EndPortID>
        <PortID>Message</PortID>
      </EndPortID>
      <StartNodeID>
        <NodeID>TrueString</NodeID>
      </StartNodeID>
      <StartPortID>
        <PortID>Value</PortID>
      </StartPortID>
    </kAIXmlBehaviour.InternalXml.SerialConnexion>
    <kAIXmlBehaviour.InternalXml.SerialConnexion>
      <EndNodeID>
        <NodeID>PrintOnFalse</NodeID>
      </EndNodeID>
      <EndPortID>
        <PortID>Message</PortID>
      </EndPortID>
      <StartNodeID>
        <NodeID>OnFalseString</NodeID>
      </StartNodeID>
      <StartPortID>
        <PortID>Value</PortID>
      </StartPortID>
    </kAIXmlBehaviour.InternalXml.SerialConnexion>
    <kAIXmlBehaviour.InternalXml.SerialConnexion>
      <EndNodeID>
        <NodeID>PrintOnBecomeFalse</NodeID>
      </EndNodeID>
      <EndPortID>
        <PortID>Message</PortID>
      </EndPortID>
      <StartNodeID>
        <NodeID>BecomeFalseString</NodeID>
      </StartNodeID>
      <StartPortID>
        <PortID>Value</PortID>
      </StartPortID>
    </kAIXmlBehaviour.InternalXml.SerialConnexion>
    <kAIXmlBehaviour.InternalXml.SerialConnexion>
      <EndNodeID>
        <NodeID>PrintOnBecomeTrue</NodeID>
      </EndNodeID>
      <EndPortID>
        <PortID>Message</PortID>
      </EndPortID>
      <StartNodeID>
        <NodeID>BecomeTrueString</NodeID>
      </StartNodeID>
      <StartPortID>
        <PortID>Value</PortID>
      </StartPortID>
    </kAIXmlBehaviour.InternalXml.SerialConnexion>
    <kAIXmlBehaviour.InternalXml.SerialConnexion>
      <EndNodeID>
        <NodeID>IfEquals</NodeID>
      </EndNodeID>
      <EndPortID>
        <PortID>lA</PortID>
      </EndPortID>
      <StartNodeID>
        <NodeID>InvalidNode</NodeID>
      </StartNodeID>
      <StartPortID>
        <PortID>number2</PortID>
      </StartPortID>
    </kAIXmlBehaviour.InternalXml.SerialConnexion>
  </InternalConnexions>
  <InternalNodes>
    <kAIXmlBehaviour.InternalXml.SerialNode>
      <NodeContents i:type="kAIFunctionNode.SerialObject">
        <AssemblyName>kAICore</AssemblyName>
        <FunctionConfiguraion>
          <GenericConfiguration>
            <SerialType>
              <AssemblyName>mscorlib</AssemblyName>
              <TypeName>System.Int32</TypeName>
            </SerialType>
          </GenericConfiguration>
          <ReturnConfiguration>
            <PropertyEnabled xmlns:d7p1="http://schemas.microsoft.com/2003/10/Serialization/Arrays">
              <d7p1:boolean>true</d7p1:boolean>
              <d7p1:boolean>true</d7p1:boolean>
              <d7p1:boolean>true</d7p1:boolean>
              <d7p1:boolean>true</d7p1:boolean>
              <d7p1:boolean>true</d7p1:boolean>
            </PropertyEnabled>
          </ReturnConfiguration>
        </FunctionConfiguraion>
        <MethodName>IfEquals</MethodName>
        <TypeName>kAI.Core.kAIFunctionNodes</TypeName>
      </NodeContents>
      <NodeID>
        <NodeID>IfEquals</NodeID>
      </NodeID>
      <NodeSerialAssembly>kAICore</NodeSerialAssembly>
      <NodeSerialType>kAI.Core.kAIFunctionNode+SerialObject</NodeSerialType>
      <NodeType>kAI.Core.kAIFunctionNode</NodeType>
      <NodeTypeAssembly>kAICore</NodeTypeAssembly>
    </kAIXmlBehaviour.InternalXml.SerialNode>
    <kAIXmlBehaviour.InternalXml.SerialNode>
      <NodeContents i:type="kAICodeBehaviour.SerialObject">
        <BehaviourAssembly>Assembly-CSharp</BehaviourAssembly>
        <BehaviourID>PrintCodeBehaviour</BehaviourID>
        <BehaviourType>PrintCodeBehaviour</BehaviourType>
      </NodeContents>
      <NodeID>
        <NodeID>PrintOnTrue</NodeID>
      </NodeID>
      <NodeSerialAssembly>kAICore</NodeSerialAssembly>
      <NodeSerialType>kAI.Core.kAICodeBehaviour+SerialObject</NodeSerialType>
      <NodeType>PrintCodeBehaviour</NodeType>
      <NodeTypeAssembly>Assembly-CSharp</NodeTypeAssembly>
    </kAIXmlBehaviour.InternalXml.SerialNode>
    <kAIXmlBehaviour.InternalXml.SerialNode>
      <NodeContents i:type="kAICodeBehaviour.SerialObject">
        <BehaviourAssembly>Assembly-CSharp</BehaviourAssembly>
        <BehaviourID>PrintCodeBehaviour</BehaviourID>
        <BehaviourType>PrintCodeBehaviour</BehaviourType>
      </NodeContents>
      <NodeID>
        <NodeID>PrintOnFalse</NodeID>
      </NodeID>
      <NodeSerialAssembly>kAICore</NodeSerialAssembly>
      <NodeSerialType>kAI.Core.kAICodeBehaviour+SerialObject</NodeSerialType>
      <NodeType>PrintCodeBehaviour</NodeType>
      <NodeTypeAssembly>Assembly-CSharp</NodeTypeAssembly>
    </kAIXmlBehaviour.InternalXml.SerialNode>
    <kAIXmlBehaviour.InternalXml.SerialNode>
      <NodeContents i:type="kAICodeBehaviour.SerialObject">
        <BehaviourAssembly>Assembly-CSharp</BehaviourAssembly>
        <BehaviourID>PrintCodeBehaviour</BehaviourID>
        <BehaviourType>PrintCodeBehaviour</BehaviourType>
      </NodeContents>
      <NodeID>
        <NodeID>PrintOnBecomeTrue</NodeID>
      </NodeID>
      <NodeSerialAssembly>kAICore</NodeSerialAssembly>
      <NodeSerialType>kAI.Core.kAICodeBehaviour+SerialObject</NodeSerialType>
      <NodeType>PrintCodeBehaviour</NodeType>
      <NodeTypeAssembly>Assembly-CSharp</NodeTypeAssembly>
    </kAIXmlBehaviour.InternalXml.SerialNode>
    <kAIXmlBehaviour.InternalXml.SerialNode>
      <NodeContents i:type="kAICodeBehaviour.SerialObject">
        <BehaviourAssembly>Assembly-CSharp</BehaviourAssembly>
        <BehaviourID>PrintCodeBehaviour</BehaviourID>
        <BehaviourType>PrintCodeBehaviour</BehaviourType>
      </NodeContents>
      <NodeID>
        <NodeID>PrintOnBecomeFalse</NodeID>
      </NodeID>
      <NodeSerialAssembly>kAICore</NodeSerialAssembly>
      <NodeSerialType>kAI.Core.kAICodeBehaviour+SerialObject</NodeSerialType>
      <NodeType>PrintCodeBehaviour</NodeType>
      <NodeTypeAssembly>Assembly-CSharp</NodeTypeAssembly>
    </kAIXmlBehaviour.InternalXml.SerialNode>
    <kAIXmlBehaviour.InternalXml.SerialNode>
      <NodeContents i:type="kAIConstantIntNode.SerialObject">
        <Value>10</Value>
      </NodeContents>
      <NodeID>
        <NodeID>ConstantInt32</NodeID>
      </NodeID>
      <NodeSerialAssembly>kAICore</NodeSerialAssembly>
      <NodeSerialType>kAI.Core.kAIConstantIntNode+SerialObject</NodeSerialType>
      <NodeType>kAI.Core.kAIConstantIntNode</NodeType>
      <NodeTypeAssembly>kAICore</NodeTypeAssembly>
    </kAIXmlBehaviour.InternalXml.SerialNode>
    <kAIXmlBehaviour.InternalXml.SerialNode>
      <NodeContents i:type="kAIConstantStringNode.SerialObject">
        <Value>Ontrue</Value>
      </NodeContents>
      <NodeID>
        <NodeID>TrueString</NodeID>
      </NodeID>
      <NodeSerialAssembly>kAICore</NodeSerialAssembly>
      <NodeSerialType>kAI.Core.kAIConstantStringNode+SerialObject</NodeSerialType>
      <NodeType>kAI.Core.kAIConstantStringNode</NodeType>
      <NodeTypeAssembly>kAICore</NodeTypeAssembly>
    </kAIXmlBehaviour.InternalXml.SerialNode>
    <kAIXmlBehaviour.InternalXml.SerialNode>
      <NodeContents i:type="kAIConstantStringNode.SerialObject">
        <Value>OnFalse</Value>
      </NodeContents>
      <NodeID>
        <NodeID>OnFalseString</NodeID>
      </NodeID>
      <NodeSerialAssembly>kAICore</NodeSerialAssembly>
      <NodeSerialType>kAI.Core.kAIConstantStringNode+SerialObject</NodeSerialType>
      <NodeType>kAI.Core.kAIConstantStringNode</NodeType>
      <NodeTypeAssembly>kAICore</NodeTypeAssembly>
    </kAIXmlBehaviour.InternalXml.SerialNode>
    <kAIXmlBehaviour.InternalXml.SerialNode>
      <NodeContents i:type="kAIConstantStringNode.SerialObject">
        <Value>OnBecomeFalse</Value>
      </NodeContents>
      <NodeID>
        <NodeID>BecomeFalseString</NodeID>
      </NodeID>
      <NodeSerialAssembly>kAICore</NodeSerialAssembly>
      <NodeSerialType>kAI.Core.kAIConstantStringNode+SerialObject</NodeSerialType>
      <NodeType>kAI.Core.kAIConstantStringNode</NodeType>
      <NodeTypeAssembly>kAICore</NodeTypeAssembly>
    </kAIXmlBehaviour.InternalXml.SerialNode>
    <kAIXmlBehaviour.InternalXml.SerialNode>
      <NodeContents i:type="kAIConstantStringNode.SerialObject">
        <Value>OnBecomeTrue</Value>
      </NodeContents>
      <NodeID>
        <NodeID>BecomeTrueString</NodeID>
      </NodeID>
      <NodeSerialAssembly>kAICore</NodeSerialAssembly>
      <NodeSerialType>kAI.Core.kAIConstantStringNode+SerialObject</NodeSerialType>
      <NodeType>kAI.Core.kAIConstantStringNode</NodeType>
      <NodeTypeAssembly>kAICore</NodeTypeAssembly>
    </kAIXmlBehaviour.InternalXml.SerialNode>
  </InternalNodes>
  <InternalPorts>
    <kAIXmlBehaviour.InternalXml.SerialPort>
      <IsGloballyAccesible>false</IsGloballyAccesible>
      <PortDataType>System.Boolean</PortDataType>
      <PortDataTypeAssembly>mscorlib</PortDataTypeAssembly>
      <PortDirection>PortDirection_Out</PortDirection>
      <PortID>OnActivate</PortID>
      <PortIsTrigger>true</PortIsTrigger>
    </kAIXmlBehaviour.InternalXml.SerialPort>
    <kAIXmlBehaviour.InternalXml.SerialPort>
      <IsGloballyAccesible>false</IsGloballyAccesible>
      <PortDataType>System.Boolean</PortDataType>
      <PortDataTypeAssembly>mscorlib</PortDataTypeAssembly>
      <PortDirection>PortDirection_In</PortDirection>
      <PortID>Deactivate</PortID>
      <PortIsTrigger>true</PortIsTrigger>
    </kAIXmlBehaviour.InternalXml.SerialPort>
    <kAIXmlBehaviour.InternalXml.SerialPort>
      <IsGloballyAccesible>true</IsGloballyAccesible>
      <PortDataType>System.Int32</PortDataType>
      <PortDataTypeAssembly>mscorlib</PortDataTypeAssembly>
      <PortDirection>PortDirection_Out</PortDirection>
      <PortID>number1</PortID>
      <PortIsTrigger>false</PortIsTrigger>
    </kAIXmlBehaviour.InternalXml.SerialPort>
    <kAIXmlBehaviour.InternalXml.SerialPort>
      <IsGloballyAccesible>true</IsGloballyAccesible>
      <PortDataType>System.Int32</PortDataType>
      <PortDataTypeAssembly>mscorlib</PortDataTypeAssembly>
      <PortDirection>PortDirection_Out</PortDirection>
      <PortID>number2</PortID>
      <PortIsTrigger>false</PortIsTrigger>
    </kAIXmlBehaviour.InternalXml.SerialPort>
  </InternalPorts>
</kAIXmlBehaviour>