﻿<?xml version="1.0" encoding="utf-8"?>
<kAIXmlBehaviour xmlns:i="http://www.w3.org/2001/XMLSchema-instance" xmlns="http://schemas.datacontract.org/2004/07/kAI.Core">
  <BehaviourID>SelfPreservation</BehaviourID>
  <InternalConnexions>
    <kAIXmlBehaviour.InternalXml.SerialConnexion>
      <EndNodeID>
        <NodeID>HandleMoveOrder</NodeID>
      </EndNodeID>
      <EndPortID>
        <PortID>Target</PortID>
      </EndPortID>
      <StartNodeID>
        <NodeID>GetFleePosition</NodeID>
      </StartNodeID>
      <StartPortID>
        <PortID>DataReturn</PortID>
      </StartPortID>
    </kAIXmlBehaviour.InternalXml.SerialConnexion>
    <kAIXmlBehaviour.InternalXml.SerialConnexion>
      <EndNodeID>
        <NodeID>AOrBChooser</NodeID>
      </EndNodeID>
      <EndPortID>
        <PortID>value</PortID>
      </EndPortID>
      <StartNodeID>
        <NodeID>IfLessThan</NodeID>
      </StartNodeID>
      <StartPortID>
        <PortID>DataReturn</PortID>
      </StartPortID>
    </kAIXmlBehaviour.InternalXml.SerialConnexion>
    <kAIXmlBehaviour.InternalXml.SerialConnexion>
      <EndNodeID>
        <NodeID>HandleMoveOrder</NodeID>
      </EndNodeID>
      <EndPortID>
        <PortID>Activate</PortID>
      </EndPortID>
      <StartNodeID>
        <NodeID>IfLessThan</NodeID>
      </StartNodeID>
      <StartPortID>
        <PortID>OnTrue</PortID>
      </StartPortID>
    </kAIXmlBehaviour.InternalXml.SerialConnexion>
    <kAIXmlBehaviour.InternalXml.SerialConnexion>
      <EndNodeID>
        <NodeID>HandleMoveOrder</NodeID>
      </EndNodeID>
      <EndPortID>
        <PortID>Deactivate</PortID>
      </EndPortID>
      <StartNodeID>
        <NodeID>IfLessThan</NodeID>
      </StartNodeID>
      <StartPortID>
        <PortID>OnFalse</PortID>
      </StartPortID>
    </kAIXmlBehaviour.InternalXml.SerialConnexion>
    <kAIXmlBehaviour.InternalXml.SerialConnexion>
      <EndNodeID>
        <NodeID>IfLessThan</NodeID>
      </EndNodeID>
      <EndPortID>
        <PortID>entry2</PortID>
      </EndPortID>
      <StartNodeID>
        <NodeID>ConstantSingle</NodeID>
      </StartNodeID>
      <StartPortID>
        <PortID>Value</PortID>
      </StartPortID>
    </kAIXmlBehaviour.InternalXml.SerialConnexion>
    <kAIXmlBehaviour.InternalXml.SerialConnexion>
      <EndNodeID>
        <NodeID>AOrBChooser</NodeID>
      </EndNodeID>
      <EndPortID>
        <PortID>trueValue</PortID>
      </EndPortID>
      <StartNodeID>
        <NodeID>HandleMoveOrder</NodeID>
      </StartNodeID>
      <StartPortID>
        <PortID>Velocity</PortID>
      </StartPortID>
    </kAIXmlBehaviour.InternalXml.SerialConnexion>
    <kAIXmlBehaviour.InternalXml.SerialConnexion>
      <EndNodeID>
        <NodeID>InvalidNode</NodeID>
      </EndNodeID>
      <EndPortID>
        <PortID>FleeVector</PortID>
      </EndPortID>
      <StartNodeID>
        <NodeID>AOrBChooser</NodeID>
      </StartNodeID>
      <StartPortID>
        <PortID>DataReturn</PortID>
      </StartPortID>
    </kAIXmlBehaviour.InternalXml.SerialConnexion>
    <kAIXmlBehaviour.InternalXml.SerialConnexion>
      <EndNodeID>
        <NodeID>AOrBChooser</NodeID>
      </EndNodeID>
      <EndPortID>
        <PortID>falseValue</PortID>
      </EndPortID>
      <StartNodeID>
        <NodeID>GetDefault</NodeID>
      </StartNodeID>
      <StartPortID>
        <PortID>DataReturn</PortID>
      </StartPortID>
    </kAIXmlBehaviour.InternalXml.SerialConnexion>
    <kAIXmlBehaviour.InternalXml.SerialConnexion>
      <EndNodeID>
        <NodeID>InvalidNode</NodeID>
      </EndNodeID>
      <EndPortID>
        <PortID>FleeWeight</PortID>
      </EndPortID>
      <StartNodeID>
        <NodeID>ConstantSingle0</NodeID>
      </StartNodeID>
      <StartPortID>
        <PortID>Value</PortID>
      </StartPortID>
    </kAIXmlBehaviour.InternalXml.SerialConnexion>
    <kAIXmlBehaviour.InternalXml.SerialConnexion>
      <EndNodeID>
        <NodeID>IfLessThan</NodeID>
      </EndNodeID>
      <EndPortID>
        <PortID>entry1</PortID>
      </EndPortID>
      <StartNodeID>
        <NodeID>InvalidNode</NodeID>
      </StartNodeID>
      <StartPortID>
        <PortID>Health</PortID>
      </StartPortID>
    </kAIXmlBehaviour.InternalXml.SerialConnexion>
  </InternalConnexions>
  <InternalNodes>
    <kAIXmlBehaviour.InternalXml.SerialNode>
      <NodeContents i:type="kAIFunctionNode.SerialObject">
        <AssemblyName>Assembly-CSharp</AssemblyName>
        <FunctionConfiguraion>
          <GenericConfiguration />
          <IsFirstParameterSelf>true</IsFirstParameterSelf>
          <IsFunctionExecutable>false</IsFunctionExecutable>
          <ReturnConfiguration>
            <PropertyEnabled xmlns:d7p1="http://schemas.microsoft.com/2003/10/Serialization/Arrays">
              <d7p1:boolean>true</d7p1:boolean>
              <d7p1:boolean>false</d7p1:boolean>
            </PropertyEnabled>
          </ReturnConfiguration>
        </FunctionConfiguraion>
        <MethodName>GetFleePosition</MethodName>
        <TypeName>FleeBehaviour</TypeName>
      </NodeContents>
      <NodeID>
        <NodeID>GetFleePosition</NodeID>
      </NodeID>
      <NodeSerialAssembly>kAICore</NodeSerialAssembly>
      <NodeSerialType>kAI.Core.kAIFunctionNode+SerialObject</NodeSerialType>
      <NodeType>kAI.Core.kAIFunctionNode</NodeType>
      <NodeTypeAssembly>kAICore</NodeTypeAssembly>
    </kAIXmlBehaviour.InternalXml.SerialNode>
    <kAIXmlBehaviour.InternalXml.SerialNode>
      <NodeContents i:type="kAIFunctionNode.SerialObject">
        <AssemblyName>kAICore</AssemblyName>
        <FunctionConfiguraion>
          <GenericConfiguration>
            <SerialType>
              <AssemblyName>mscorlib</AssemblyName>
              <TypeName>System.Single</TypeName>
            </SerialType>
          </GenericConfiguration>
          <IsFirstParameterSelf>false</IsFirstParameterSelf>
          <IsFunctionExecutable>false</IsFunctionExecutable>
          <ReturnConfiguration>
            <PropertyEnabled xmlns:d7p1="http://schemas.microsoft.com/2003/10/Serialization/Arrays">
              <d7p1:boolean>true</d7p1:boolean>
              <d7p1:boolean>true</d7p1:boolean>
              <d7p1:boolean>true</d7p1:boolean>
              <d7p1:boolean>false</d7p1:boolean>
              <d7p1:boolean>false</d7p1:boolean>
              <d7p1:boolean>false</d7p1:boolean>
            </PropertyEnabled>
          </ReturnConfiguration>
        </FunctionConfiguraion>
        <MethodName>IfLessThan</MethodName>
        <TypeName>kAI.Core.kAIFunctionNodes</TypeName>
      </NodeContents>
      <NodeID>
        <NodeID>IfLessThan</NodeID>
      </NodeID>
      <NodeSerialAssembly>kAICore</NodeSerialAssembly>
      <NodeSerialType>kAI.Core.kAIFunctionNode+SerialObject</NodeSerialType>
      <NodeType>kAI.Core.kAIFunctionNode</NodeType>
      <NodeTypeAssembly>kAICore</NodeTypeAssembly>
    </kAIXmlBehaviour.InternalXml.SerialNode>
    <kAIXmlBehaviour.InternalXml.SerialNode>
      <NodeContents i:type="kAIConstantFloatNode.SerialObject">
        <Value>0.5</Value>
      </NodeContents>
      <NodeID>
        <NodeID>ConstantSingle</NodeID>
      </NodeID>
      <NodeSerialAssembly>kAICore</NodeSerialAssembly>
      <NodeSerialType>kAI.Core.kAIConstantFloatNode+SerialObject</NodeSerialType>
      <NodeType>kAI.Core.kAIConstantFloatNode</NodeType>
      <NodeTypeAssembly>kAICore</NodeTypeAssembly>
    </kAIXmlBehaviour.InternalXml.SerialNode>
    <kAIXmlBehaviour.InternalXml.SerialNode>
      <NodeContents i:type="kAIXmlBehaviour.SerialObject">
        <BehaviourID>
          <BehaviourID>HandleMoveOrder</BehaviourID>
        </BehaviourID>
        <XmlBehaviourFile>
          <Path>\HandleMoveOrder.xml</Path>
          <RootID>Behaviour:SelfPreservation</RootID>
        </XmlBehaviourFile>
      </NodeContents>
      <NodeID>
        <NodeID>HandleMoveOrder</NodeID>
      </NodeID>
      <NodeSerialAssembly>kAICore</NodeSerialAssembly>
      <NodeSerialType>kAI.Core.kAIXmlBehaviour+SerialObject</NodeSerialType>
      <NodeType>kAI.Core.kAIXmlBehaviour</NodeType>
      <NodeTypeAssembly>kAICore</NodeTypeAssembly>
    </kAIXmlBehaviour.InternalXml.SerialNode>
    <kAIXmlBehaviour.InternalXml.SerialNode>
      <NodeContents i:type="kAIFunctionNode.SerialObject">
        <AssemblyName>kAICore</AssemblyName>
        <FunctionConfiguraion>
          <GenericConfiguration>
            <SerialType>
              <AssemblyName>UnityEngine</AssemblyName>
              <TypeName>UnityEngine.Vector3</TypeName>
            </SerialType>
          </GenericConfiguration>
          <IsFirstParameterSelf>false</IsFirstParameterSelf>
          <IsFunctionExecutable>false</IsFunctionExecutable>
          <ReturnConfiguration>
            <PropertyEnabled xmlns:d7p1="http://schemas.microsoft.com/2003/10/Serialization/Arrays">
              <d7p1:boolean>true</d7p1:boolean>
              <d7p1:boolean>false</d7p1:boolean>
            </PropertyEnabled>
          </ReturnConfiguration>
        </FunctionConfiguraion>
        <MethodName>AOrBChooser</MethodName>
        <TypeName>kAI.Core.kAIFunctionNodes</TypeName>
      </NodeContents>
      <NodeID>
        <NodeID>AOrBChooser</NodeID>
      </NodeID>
      <NodeSerialAssembly>kAICore</NodeSerialAssembly>
      <NodeSerialType>kAI.Core.kAIFunctionNode+SerialObject</NodeSerialType>
      <NodeType>kAI.Core.kAIFunctionNode</NodeType>
      <NodeTypeAssembly>kAICore</NodeTypeAssembly>
    </kAIXmlBehaviour.InternalXml.SerialNode>
    <kAIXmlBehaviour.InternalXml.SerialNode>
      <NodeContents i:type="kAIFunctionNode.SerialObject">
        <AssemblyName>kAICore</AssemblyName>
        <FunctionConfiguraion>
          <GenericConfiguration>
            <SerialType>
              <AssemblyName>UnityEngine</AssemblyName>
              <TypeName>UnityEngine.Vector3</TypeName>
            </SerialType>
          </GenericConfiguration>
          <IsFirstParameterSelf>false</IsFirstParameterSelf>
          <IsFunctionExecutable>false</IsFunctionExecutable>
          <ReturnConfiguration>
            <PropertyEnabled xmlns:d7p1="http://schemas.microsoft.com/2003/10/Serialization/Arrays">
              <d7p1:boolean>true</d7p1:boolean>
              <d7p1:boolean>false</d7p1:boolean>
            </PropertyEnabled>
          </ReturnConfiguration>
        </FunctionConfiguraion>
        <MethodName>GetDefault</MethodName>
        <TypeName>kAI.Core.kAIFunctionNodes</TypeName>
      </NodeContents>
      <NodeID>
        <NodeID>GetDefault</NodeID>
      </NodeID>
      <NodeSerialAssembly>kAICore</NodeSerialAssembly>
      <NodeSerialType>kAI.Core.kAIFunctionNode+SerialObject</NodeSerialType>
      <NodeType>kAI.Core.kAIFunctionNode</NodeType>
      <NodeTypeAssembly>kAICore</NodeTypeAssembly>
    </kAIXmlBehaviour.InternalXml.SerialNode>
    <kAIXmlBehaviour.InternalXml.SerialNode>
      <NodeContents i:type="kAIConstantFloatNode.SerialObject">
        <Value>1</Value>
      </NodeContents>
      <NodeID>
        <NodeID>ConstantSingle0</NodeID>
      </NodeID>
      <NodeSerialAssembly>kAICore</NodeSerialAssembly>
      <NodeSerialType>kAI.Core.kAIConstantFloatNode+SerialObject</NodeSerialType>
      <NodeType>kAI.Core.kAIConstantFloatNode</NodeType>
      <NodeTypeAssembly>kAICore</NodeTypeAssembly>
    </kAIXmlBehaviour.InternalXml.SerialNode>
  </InternalNodes>
  <InternalPorts>
    <kAIXmlBehaviour.InternalXml.SerialPort>
      <IsGloballyAccesible>false</IsGloballyAccesible>
      <PortDataType>System.Boolean</PortDataType>
      <PortDataTypeAssembly>mscorlib</PortDataTypeAssembly>
      <PortDirection>PortDirection_Out</PortDirection>
      <PortID>OnActivate</PortID>
      <PortIsEnumerable>false</PortIsEnumerable>
      <PortIsTrigger>true</PortIsTrigger>
    </kAIXmlBehaviour.InternalXml.SerialPort>
    <kAIXmlBehaviour.InternalXml.SerialPort>
      <IsGloballyAccesible>false</IsGloballyAccesible>
      <PortDataType>System.Boolean</PortDataType>
      <PortDataTypeAssembly>mscorlib</PortDataTypeAssembly>
      <PortDirection>PortDirection_In</PortDirection>
      <PortID>Deactivate</PortID>
      <PortIsEnumerable>false</PortIsEnumerable>
      <PortIsTrigger>true</PortIsTrigger>
    </kAIXmlBehaviour.InternalXml.SerialPort>
    <kAIXmlBehaviour.InternalXml.SerialPort>
      <IsGloballyAccesible>true</IsGloballyAccesible>
      <PortDataType>System.Single</PortDataType>
      <PortDataTypeAssembly>mscorlib</PortDataTypeAssembly>
      <PortDirection>PortDirection_Out</PortDirection>
      <PortID>Health</PortID>
      <PortIsEnumerable>false</PortIsEnumerable>
      <PortIsTrigger>false</PortIsTrigger>
    </kAIXmlBehaviour.InternalXml.SerialPort>
    <kAIXmlBehaviour.InternalXml.SerialPort>
      <IsGloballyAccesible>true</IsGloballyAccesible>
      <PortDataType>System.Single</PortDataType>
      <PortDataTypeAssembly>mscorlib</PortDataTypeAssembly>
      <PortDirection>PortDirection_In</PortDirection>
      <PortID>MoveVectorWeight</PortID>
      <PortIsEnumerable>false</PortIsEnumerable>
      <PortIsTrigger>false</PortIsTrigger>
    </kAIXmlBehaviour.InternalXml.SerialPort>
    <kAIXmlBehaviour.InternalXml.SerialPort>
      <IsGloballyAccesible>true</IsGloballyAccesible>
      <PortDataType>System.Single</PortDataType>
      <PortDataTypeAssembly>mscorlib</PortDataTypeAssembly>
      <PortDirection>PortDirection_In</PortDirection>
      <PortID>AttackMoveWeight</PortID>
      <PortIsEnumerable>false</PortIsEnumerable>
      <PortIsTrigger>false</PortIsTrigger>
    </kAIXmlBehaviour.InternalXml.SerialPort>
    <kAIXmlBehaviour.InternalXml.SerialPort>
      <IsGloballyAccesible>true</IsGloballyAccesible>
      <PortDataType>UnityEngine.Vector3</PortDataType>
      <PortDataTypeAssembly>UnityEngine</PortDataTypeAssembly>
      <PortDirection>PortDirection_In</PortDirection>
      <PortID>FleeVector</PortID>
      <PortIsEnumerable>false</PortIsEnumerable>
      <PortIsTrigger>false</PortIsTrigger>
    </kAIXmlBehaviour.InternalXml.SerialPort>
    <kAIXmlBehaviour.InternalXml.SerialPort>
      <IsGloballyAccesible>true</IsGloballyAccesible>
      <PortDataType>System.Single</PortDataType>
      <PortDataTypeAssembly>mscorlib</PortDataTypeAssembly>
      <PortDirection>PortDirection_In</PortDirection>
      <PortID>FleeWeight</PortID>
      <PortIsEnumerable>false</PortIsEnumerable>
      <PortIsTrigger>false</PortIsTrigger>
    </kAIXmlBehaviour.InternalXml.SerialPort>
  </InternalPorts>
</kAIXmlBehaviour>