﻿<?xml version="1.0" encoding="utf-8"?>
<kAIXmlBehaviour xmlns:i="http://www.w3.org/2001/XMLSchema-instance" xmlns="http://schemas.datacontract.org/2004/07/kAI.Core">
  <BehaviourID>HandleSwordBehaviour</BehaviourID>
  <InternalConnexions>
    <kAIXmlBehaviour.InternalXml.SerialConnexion>
      <EndNodeID>
        <NodeID>SwordSwingAction</NodeID>
      </EndNodeID>
      <EndPortID>
        <PortID>Activate</PortID>
      </EndPortID>
      <StartNodeID>
        <NodeID>IsGameObjectNear</NodeID>
      </StartNodeID>
      <StartPortID>
        <PortID>OnTrue</PortID>
      </StartPortID>
    </kAIXmlBehaviour.InternalXml.SerialConnexion>
    <kAIXmlBehaviour.InternalXml.SerialConnexion>
      <EndNodeID>
        <NodeID>IsGameObjectNear</NodeID>
      </EndNodeID>
      <EndPortID>
        <PortID>lDist</PortID>
      </EndPortID>
      <StartNodeID>
        <NodeID>NearDistance</NodeID>
      </StartNodeID>
      <StartPortID>
        <PortID>Value</PortID>
      </StartPortID>
    </kAIXmlBehaviour.InternalXml.SerialConnexion>
    <kAIXmlBehaviour.InternalXml.SerialConnexion>
      <EndNodeID>
        <NodeID>IsGameObjectNear</NodeID>
      </EndNodeID>
      <EndPortID>
        <PortID>lOtherObject</PortID>
      </EndPortID>
      <StartNodeID>
        <NodeID>InvalidNode</NodeID>
      </StartNodeID>
      <StartPortID>
        <PortID>Target</PortID>
      </StartPortID>
    </kAIXmlBehaviour.InternalXml.SerialConnexion>
  </InternalConnexions>
  <InternalNodes>
    <kAIXmlBehaviour.InternalXml.SerialNode>
      <NodeContents i:type="kAIFunctionNode.SerialObject">
        <AssemblyName>Assembly-CSharp</AssemblyName>
        <FunctionConfiguraion>
          <GenericConfiguration />
          <IsFirstParameterSelf>true</IsFirstParameterSelf>
          <IsFunctionExecutable>false</IsFunctionExecutable>
          <ReturnConfiguration>
            <PropertyEnabled xmlns:d7p1="http://schemas.microsoft.com/2003/10/Serialization/Arrays">
              <d7p1:boolean>false</d7p1:boolean>
              <d7p1:boolean>true</d7p1:boolean>
              <d7p1:boolean>false</d7p1:boolean>
              <d7p1:boolean>false</d7p1:boolean>
              <d7p1:boolean>false</d7p1:boolean>
            </PropertyEnabled>
          </ReturnConfiguration>
        </FunctionConfiguraion>
        <MethodName>IsGameObjectNear</MethodName>
        <TypeName>SwordSwingAction</TypeName>
      </NodeContents>
      <NodeID>
        <NodeID>IsGameObjectNear</NodeID>
      </NodeID>
      <NodeSerialAssembly>kAICore</NodeSerialAssembly>
      <NodeSerialType>kAI.Core.kAIFunctionNode+SerialObject</NodeSerialType>
      <NodeType>kAI.Core.kAIFunctionNode</NodeType>
      <NodeTypeAssembly>kAICore</NodeTypeAssembly>
    </kAIXmlBehaviour.InternalXml.SerialNode>
    <kAIXmlBehaviour.InternalXml.SerialNode>
      <NodeContents i:type="kAICodeBehaviour.SerialObject">
        <BehaviourAssembly>Assembly-CSharp</BehaviourAssembly>
        <BehaviourID>SwordSwingAction</BehaviourID>
        <BehaviourType>SwordSwingAction</BehaviourType>
      </NodeContents>
      <NodeID>
        <NodeID>SwordSwingAction</NodeID>
      </NodeID>
      <NodeSerialAssembly>kAICore</NodeSerialAssembly>
      <NodeSerialType>kAI.Core.kAICodeBehaviour+SerialObject</NodeSerialType>
      <NodeType>SwordSwingAction</NodeType>
      <NodeTypeAssembly>Assembly-CSharp</NodeTypeAssembly>
    </kAIXmlBehaviour.InternalXml.SerialNode>
    <kAIXmlBehaviour.InternalXml.SerialNode>
      <NodeContents i:type="kAIConstantFloatNode.SerialObject">
        <Value>5</Value>
      </NodeContents>
      <NodeID>
        <NodeID>NearDistance</NodeID>
      </NodeID>
      <NodeSerialAssembly>kAICore</NodeSerialAssembly>
      <NodeSerialType>kAI.Core.kAIConstantFloatNode+SerialObject</NodeSerialType>
      <NodeType>kAI.Core.kAIConstantFloatNode</NodeType>
      <NodeTypeAssembly>kAICore</NodeTypeAssembly>
    </kAIXmlBehaviour.InternalXml.SerialNode>
  </InternalNodes>
  <InternalPorts>
    <kAIXmlBehaviour.InternalXml.SerialPort>
      <IsGloballyAccesible>false</IsGloballyAccesible>
      <PortDataType>System.Boolean</PortDataType>
      <PortDataTypeAssembly>mscorlib</PortDataTypeAssembly>
      <PortDirection>PortDirection_Out</PortDirection>
      <PortID>OnActivate</PortID>
      <PortIsEnumerable>false</PortIsEnumerable>
      <PortIsTrigger>true</PortIsTrigger>
    </kAIXmlBehaviour.InternalXml.SerialPort>
    <kAIXmlBehaviour.InternalXml.SerialPort>
      <IsGloballyAccesible>false</IsGloballyAccesible>
      <PortDataType>System.Boolean</PortDataType>
      <PortDataTypeAssembly>mscorlib</PortDataTypeAssembly>
      <PortDirection>PortDirection_In</PortDirection>
      <PortID>Deactivate</PortID>
      <PortIsEnumerable>false</PortIsEnumerable>
      <PortIsTrigger>true</PortIsTrigger>
    </kAIXmlBehaviour.InternalXml.SerialPort>
    <kAIXmlBehaviour.InternalXml.SerialPort>
      <IsGloballyAccesible>true</IsGloballyAccesible>
      <PortDataType>UnityEngine.GameObject</PortDataType>
      <PortDataTypeAssembly>UnityEngine</PortDataTypeAssembly>
      <PortDirection>PortDirection_Out</PortDirection>
      <PortID>Target</PortID>
      <PortIsEnumerable>false</PortIsEnumerable>
      <PortIsTrigger>false</PortIsTrigger>
    </kAIXmlBehaviour.InternalXml.SerialPort>
  </InternalPorts>
</kAIXmlBehaviour>