﻿<?xml version="1.0" encoding="utf-8"?>
<kAIXmlBehaviour xmlns:i="http://www.w3.org/2001/XMLSchema-instance" xmlns="http://schemas.datacontract.org/2004/07/kAI.Core">
  <BehaviourID>SubBehaviour</BehaviourID>
  <InternalConnexions>
    <kAIXmlBehaviour.InternalXml.SerialConnexion>
      <EndNodeID>
        <NodeID>TestBehaviour</NodeID>
      </EndNodeID>
      <EndPortID>
        <PortID>Activate</PortID>
      </EndPortID>
      <StartNodeID>
        <NodeID>InvalidNode</NodeID>
      </StartNodeID>
      <StartPortID>
        <PortID>OnActivate</PortID>
      </StartPortID>
    </kAIXmlBehaviour.InternalXml.SerialConnexion>
  </InternalConnexions>
  <InternalNodes>
    <kAIXmlBehaviour.InternalXml.SerialNode>
      <NodeContents i:type="kAICodeBehaviour.SerialObject">
        <BehaviourAssembly>Assembly-CSharp</BehaviourAssembly>
        <BehaviourID>TestBehaviour</BehaviourID>
        <BehaviourType>AssemblyCSharp.TestBehaviour</BehaviourType>
      </NodeContents>
      <NodeID>
        <NodeID>TestBehaviour</NodeID>
      </NodeID>
      <NodeSerialAssembly>kAICore</NodeSerialAssembly>
      <NodeSerialType>kAI.Core.kAICodeBehaviour+SerialObject</NodeSerialType>
      <NodeType>AssemblyCSharp.TestBehaviour</NodeType>
      <NodeTypeAssembly>Assembly-CSharp</NodeTypeAssembly>
    </kAIXmlBehaviour.InternalXml.SerialNode>
  </InternalNodes>
  <InternalPorts>
    <kAIXmlBehaviour.InternalXml.SerialPort>
      <IsGloballyAccesible>false</IsGloballyAccesible>
      <PortDataType>System.Boolean</PortDataType>
      <PortDataTypeAssembly>mscorlib</PortDataTypeAssembly>
      <PortDirection>PortDirection_Out</PortDirection>
      <PortID>OnActivate</PortID>
      <PortIsTrigger>true</PortIsTrigger>
    </kAIXmlBehaviour.InternalXml.SerialPort>
    <kAIXmlBehaviour.InternalXml.SerialPort>
      <IsGloballyAccesible>false</IsGloballyAccesible>
      <PortDataType>System.Boolean</PortDataType>
      <PortDataTypeAssembly>mscorlib</PortDataTypeAssembly>
      <PortDirection>PortDirection_In</PortDirection>
      <PortID>Deactivate</PortID>
      <PortIsTrigger>true</PortIsTrigger>
    </kAIXmlBehaviour.InternalXml.SerialPort>
  </InternalPorts>
</kAIXmlBehaviour>